Account Name,Company URL/Website URL,Company Phone,Company Street,Company City,Company State,Company Zip,Company Country,Industry,ZoomInfo Company ID,Linkedin Company URL,Export Link,Oracle Email Address,Sales Rep
1141930 Christy Sports LLC,http://www.christysports.com,303 237 6321,1808 N Academy Blvd,Colorado Springs,CO,80909-2724,United States,Retail,21712198,http://www.linkedin.com/company/christy-sports,https://nlcorp.app.netsuite.com/app/common/entity/custjob.nl?id=3123023,brian.br.oneill@oracle.com,"O'Neill, Brian"
16500 INC,http://www.16500.com,510 208 5005,2100 Powell St Ste 800,Emeryville,CA,94608,United States,Manufacturing,398232410,http://www.linkedin.com/company/sixteen5hundred,https://nlcorp.app.netsuite.com/app/common/entity/custjob.nl?id=339167,brian.br.oneill@oracle.com,"O'Neill, Brian"
88 Tactical,http://www.88tactical.com,14029337171,15350 Shepard St Ste 1,Omaha,NE,28081,United States,Manufacturing,1133801179,http://www.linkedin.com/company/88-tactical-omaha,https://nlcorp.app.netsuite.com/app/common/entity/custjob.nl?id=176096642,brian.br.oneill@oracle.com,"O'Neill, Brian"
"Abrisa Industrial Glass, Inc.",http://www.abrisatechnologies.com,805 525 4902,200 Hallock Dr,Santa Paula,CA,930609646,United States,Manufacturing,180765,http://www.linkedin.com/company/abrisa,https://nlcorp.app.netsuite.com/app/common/entity/custjob.nl?id=122896650,brian.br.oneill@oracle.com,"O'Neill, Brian"
Accelerate Diagnostics,http://www.acceleratediagnostics.com,520 365 3103,3950 S Country Club Rd # 470,Tucson,AZ,857142240,United States,Manufacturing,357253749,http://www.linkedin.com/company/accelerate-diagnostics-inc.,https://nlcorp.app.netsuite.com/app/common/entity/custjob.nl?id=74059591,brian.br.oneill@oracle.com,"O'Neill, Brian"
Activated Carbon Corp.,http://activatedcarbon.com,(310) 885-4555,2250 S Central Ave Compton,Compton,CA,90220,United States,Manufacturing,28512986,http://www.linkedin.com/company/carbon-activated-corp.-us,https://nlcorp.app.netsuite.com/app/common/entity/custjob.nl?id=201832864,brian.br.oneill@oracle.com,"O'Neill, Brian"
Active Membrane,http://activemembrane.com,(818) 300-3383,,Moorpark,CA,93021,United States,Business Services,1314087747,http://www.linkedin.com/company/active-membranes-llc,https://nlcorp.app.netsuite.com/app/common/entity/custjob.nl?id=187408307,brian.br.oneill@oracle.com,"O'Neill, Brian"
Adcraft Printing,http://www.adcraftusa.com,(563) 243-1304,801 South 3rd Street,Clinton,IA,52732,United States,Telecommunications,459253266,http://www.linkedin.com/company/adcraft-printwear-co,https://nlcorp.app.netsuite.com/app/common/entity/custjob.nl?id=146842772,brian.br.oneill@oracle.com,"O'Neill, Brian"
Advanced Fiberglass Concepts,http://www.advfiberglass.com,7146958400,,Costa Mesa,CA,92626,United States,Manufacturing,447765085,https://www.linkedin.com/sales/search/people?query=(filters%3AList((type%3ACURRENT_COMPANY%2Cvalues%3AList((id%3A87738690%2CselectionType%3AINCLUDED)))))&sessionId=8IyQOwYRS%2FiX%2Fb4Pchk8jg%3D%3D,https://nlcorp.app.netsuite.com/app/common/entity/custjob.nl?id=143876659,brian.br.oneill@oracle.com,"O'Neill, Brian"
AdviNOW Medical,https://advinow.com/,(480) 709-4336,217 n 100th way,Mesa,AZ,85207,United States,Retail,399520771,https://www.linkedin.com/sales/company/15240793,https://nlcorp.app.netsuite.com/app/common/entity/custjob.nl?id=140500677,brian.br.oneill@oracle.com,"O'Neill, Brian"
Agri-Cover Inc,http://www.agricover.com,701 251 1427,3000 Hwy 281 Se,Jamestown,ND,58401-9206,United States,Manufacturing,2265744,https://www.linkedin.com/company/agri-cover-inc./,https://nlcorp.app.netsuite.com/app/common/entity/custjob.nl?id=3217185,brian.br.oneill@oracle.com,"O'Neill, Brian"
AGVenture,http://www.agventure.com,605 345 7333,741 W Highway 12,Webster,SD,572742213,United States,Retail,1166006849,,https://nlcorp.app.netsuite.com/app/common/entity/custjob.nl?id=115920071,brian.br.oneill@oracle.com,"O'Neill, Brian"
Alef Aeronautics formerly Armada,https://alef.aero/,650-000-0000,S Amphlett Blvd,San Mateo,CA,94402,United States,Retail,566131611,https://www.linkedin.com/sales/company/76597427?_ntb=YYpyiZRDQiOMJkJwKBo65A%3D%3D,https://nlcorp.app.netsuite.com/app/common/entity/custjob.nl?id=136686027,brian.br.oneill@oracle.com,"O'Neill, Brian"
Alef Sausage,https://www.alefsausage.com/,847-968-2533 (704),356 TOWNLINE RD,Mundelein,IL,60060,United States,Retail,354495461,http://www.linkedin.com/company/alef-sausage-inc,https://nlcorp.app.netsuite.com/app/common/entity/custjob.nl?id=116506344,brian.br.oneill@oracle.com,"O'Neill, Brian"
Ali-Zon,http://www.ali-zon.com,424 558 3066 ext. 301,20910 Normandie Ave Unit D,Torrance,CA,90502,United States,Retail,356358022,https://www.linkedin.com/company/alizonglobal/,https://nlcorp.app.netsuite.com/app/common/entity/custjob.nl?id=156005325,brian.br.oneill@oracle.com,"O'Neill, Brian"
All Star Trading,http://www.allstartrading.com,8473758675,2100 Clearwater Dr Ste 320,Oak Brook,IL,60523,United States,Retail,3919269,https://www.linkedin.com/sales/company/3239075?_ntb=B%2BURhdJqSgq%2B9YTG1vOGGg%3D%3D,https://nlcorp.app.netsuite.com/app/common/entity/custjob.nl?id=22227913,brian.br.oneill@oracle.com,"O'Neill, Brian"
Alpha Safety,https://alphasafetyco.com/,720-201-7927,400 Corporate Cir Ste M,Golden,CO,80401,United States,Manufacturing,38454589,http://www.linkedin.com/company/nuclear-filter-technology,https://nlcorp.app.netsuite.com/app/common/entity/custjob.nl?id=48464238,brian.br.oneill@oracle.com,"O'Neill, Brian"
AmazingCosmetics,http://www.amazingcosmetics.com,18476805247,605 N. Milwaukee Ave.,Libertyville,IL,60048,United States,Consumer Services,7182044,http://www.linkedin.com/company/amazing-cosmetics-inc,https://nlcorp.app.netsuite.com/app/common/entity/custjob.nl?id=37310314,brian.br.oneill@oracle.com,"O'Neill, Brian"
Aminox,http://amionxsafecore.com,(760) 827-0241,,,,,,,,,https://nlcorp.app.netsuite.com/app/common/entity/custjob.nl?id=142230091,brian.br.oneill@oracle.com,"O'Neill, Brian"
Anderson Pump Company,http://www.andersonpumpcompany.com,5596654477,24719 Robertson Blvd,Chowchilla,CA,93610-9090,United States,Manufacturing,14602776,http://www.linkedin.com/company/anderson-pump-company,https://nlcorp.app.netsuite.com/app/common/entity/custjob.nl?id=15650255,brian.br.oneill@oracle.com,"O'Neill, Brian"
Antares Industries,http://antaresindustries.com,(757) 434-2534,19501 Prairie Ave,"Torrance,",CA,90503,United States,Manufacturing,12315807,,https://nlcorp.app.netsuite.com/app/common/entity/custjob.nl?id=210827332,brian.br.oneill@oracle.com,"O'Neill, Brian"
"Aosense, Inc.",http://www.aosense.com,408 636 2604,415 Oakmead Pkwy,Sunnyvale,CA,94085-4709,United States,Manufacturing,361694672,http://www.linkedin.com/company/aosense,https://nlcorp.app.netsuite.com/app/common/entity/custjob.nl?id=30502776,brian.br.oneill@oracle.com,"O'Neill, Brian"
Applied Cardiac Systems Inc,https://acsd4u.com,949 855 9366,22912 EL PACIFICO DRIVE,LAGUNA HILLS,CA,92653,United States,Retail,4524108,http://www.linkedin.com/company/acs-diagnostics-inc,https://nlcorp.app.netsuite.com/app/common/entity/custjob.nl?id=15033880,brian.br.oneill@oracle.com,"O'Neill, Brian"
Arcadia,https://arcadiacontract.com/,714-562-8200,6892 Marlin Cir,La Palma,CA,90623,United States,Manufacturing,1133102525,http://www.linkedin.com/company/archaidi-furniture-concepts-inc,https://nlcorp.app.netsuite.com/app/common/entity/custjob.nl?id=100597848,brian.br.oneill@oracle.com,"O'Neill, Brian"
Arnold,http://arncosolutions.com,6182247505,2955 Trico Drive,Trenton,IL,62293,United States,Manufacturing,343412615,http://www.linkedin.com/company/3282434,https://nlcorp.app.netsuite.com/app/common/entity/custjob.nl?id=20694212,brian.br.oneill@oracle.com,"O'Neill, Brian"
Arrowhead Potatoes,https://arrowheadpotatoes.com/,1 (208) 436-1209,,Rupert,ID,83350,United States,Retail,8325844,http://www.linkedin.com/company/arrowhead-potato-co,https://nlcorp.app.netsuite.com/app/common/entity/custjob.nl?id=201044977,brian.br.oneill@oracle.com,"O'Neill, Brian"
Artisan Bakers,http://www.artisanbakers.com,707 939 1765,750 W Napa Street,Sonoma,CA,95476,United States,Retail,8260964,http://www.linkedin.com/company/artisan-bakers-inc,https://nlcorp.app.netsuite.com/app/common/entity/custjob.nl?id=18498215,brian.br.oneill@oracle.com,"O'Neill, Brian"
Astek,http://astek.com,(818) 901-9876,15924 Arminta St Van Nuys,Van Nuys,CA,91406,United States,Manufacturing,3146347,http://www.linkedin.com/company/astek-inc,https://nlcorp.app.netsuite.com/app/common/entity/custjob.nl?id=185793445,brian.br.oneill@oracle.com,"O'Neill, Brian"
Atlas Group,http://www.atlasgroupaero.com,(215) 638-3884,"4425 W. May St., Building A",Wichita,KS,67209-2841,United States,Manufacturing,347703646,http://www.linkedin.com/company/atlas-group-aero,https://nlcorp.app.netsuite.com/app/common/entity/custjob.nl?id=149817396,brian.br.oneill@oracle.com,"O'Neill, Brian"
"Aurora Packing Company, Inc.",http://www.aurorabeef.com,815-735-4691,125 S Grant St,North Aurora,IL,60542,United States,Manufacturing,9309079,http://www.linkedin.com/company/aurora-packing-company-inc-,https://nlcorp.app.netsuite.com/app/common/entity/custjob.nl?id=132505091,brian.br.oneill@oracle.com,"O'Neill, Brian"
Autex LLC,http://www.autexacoustics.com,(310) 490-1591,19350 Van Ness Ave,Torrance,CA,90501-1103,United States,Manufacturing,1139970352,http://www.linkedin.com/company/autex-acoustics-north-america,https://nlcorp.app.netsuite.com/app/common/entity/custjob.nl?id=62471370,brian.br.oneill@oracle.com,"O'Neill, Brian"
Avenue Bread and Deli/Avenue Bakery,http://avenuebread.com,(360) 746-0751,"2020 Humboldt St Bellingham, WA 98225",Bellingham,WA,98225,United States,Retail,347733050,http://www.linkedin.com/company/avenue-bread-and-deli,https://nlcorp.app.netsuite.com/app/common/entity/custjob.nl?id=197500694,brian.br.oneill@oracle.com,"O'Neill, Brian"
Bako Sweet,http://bakosweet.com,661 858 1075,5060 B St,Bakersfield,CA,93307,United States,Agriculture,404269656,http://www.linkedin.com/company/country-sweet-produce,https://nlcorp.app.netsuite.com/app/common/entity/custjob.nl?id=39661018,brian.br.oneill@oracle.com,"O'Neill, Brian"
Barebottle Brew Co,http://barebottlebeer.com,650-808-5207,1525 Cortland Ave # 6,San Francisco,CA,941105714,United States,Retail,357247946,http://www.linkedin.com/company/barebottle-brewing-company,https://nlcorp.app.netsuite.com/app/common/entity/custjob.nl?id=53220640,brian.br.oneill@oracle.com,"O'Neill, Brian"
Baymag Inc,http://www.baymag.com,403 225 5132,1200-10655 Southport Rd SW,Calgary,AB,T2W 4Y1,Canada,Manufacturing,12620813,http://www.linkedin.com/company/baymag-inc.,https://nlcorp.app.netsuite.com/app/common/entity/custjob.nl?id=149454307,brian.br.oneill@oracle.com,"O'Neill, Brian"
Bedsure,http://www.bedsurehome.com,000-000-0000,,Walnut,CA,91789,United States,Retail,477716848,http://www.linkedin.com/company/besure-rose,https://nlcorp.app.netsuite.com/app/common/entity/custjob.nl?id=120915924,brian.br.oneill@oracle.com,"O'Neill, Brian"
Beneficial Insectary,http://insectary.com,5309178754,9664 Tanqueray Ct,Redding,CA,96003,United States,Manufacturing,1115351930,http://www.linkedin.com/company/beneficial-insectary-inc,https://nlcorp.app.netsuite.com/app/common/entity/custjob.nl?id=206496868,brian.br.oneill@oracle.com,"O'Neill, Brian"
BK Resources,http://www.bk-resources.com,618 483 9887,120 Frontage Road,Altamont,IL,62411,United States,Minerals & Mining,17011181,http://www.linkedin.com/company/bk-resources,https://nlcorp.app.netsuite.com/app/common/entity/custjob.nl?id=15181097,brian.br.oneill@oracle.com,"O'Neill, Brian"
Bold Ventures,https://www.boldventuresinc.com/,(416) 864-1456,,,ON,,Canada,Minerals & Mining,354006686,http://www.linkedin.com/company/bold-venture-enterprises,https://nlcorp.app.netsuite.com/app/common/entity/custjob.nl?id=203635239,brian.br.oneill@oracle.com,"O'Neill, Brian"
Boom Home Medical,http://boomhomemedical.com,5555555555,9800 Wilshire Blvd 210,Beverly Hills,CA,90212,United States,Retail,1314180734,http://www.linkedin.com/company/loona-medical,https://nlcorp.app.netsuite.com/app/common/entity/custjob.nl?id=142011605,brian.br.oneill@oracle.com,"O'Neill, Brian"
Bora Biologics,https://www.borabiologics.com,858-210-4100,,San Diego,CA,,United States,Manufacturing,5000062256,https://www.linkedin.com/sales/company/105366322?_ntb=wKcobc0BTZCK0TWTkYXvnA%3D%3D,https://nlcorp.app.netsuite.com/app/common/entity/custjob.nl?id=194962111,brian.br.oneill@oracle.com,"O'Neill, Brian"
Boudin Bakeries Inc,http://www.boudinbakery.com,415-882-1849,,,CA,,United States,Manufacturing,5983150,http://www.linkedin.com/company/boudin,https://nlcorp.app.netsuite.com/app/common/entity/custjob.nl?id=29044556,brian.br.oneill@oracle.com,"O'Neill, Brian"
Broadway Glass & Mirror Inc.,http://www.broadwayglass.com,562 434 8405,2523 E. Broadway,Long Beach,CA,90803,United States,Manufacturing,42750193,http://www.linkedin.com/company/broadway-glass-and-mirror-inc,https://nlcorp.app.netsuite.com/app/common/entity/custjob.nl?id=108307290,brian.br.oneill@oracle.com,"O'Neill, Brian"
Brock USA,https://www.brockusa.com/,(303) 544-5800,,Boulder,CO,80301,United States,Retail,17896360,http://www.linkedin.com/company/brock-international,https://nlcorp.app.netsuite.com/app/common/entity/custjob.nl?id=191371436,brian.br.oneill@oracle.com,"O'Neill, Brian"
Builders Supply Co,http://www.builderssupplyco.com,(402) 331-4500,5701 S 72nd St,Omaha,NE,68127-3900,United States,Retail,348472006,http://www.linkedin.com/company/building-supply-company,https://nlcorp.app.netsuite.com/app/common/entity/custjob.nl?id=94427447,brian.br.oneill@oracle.com,"O'Neill, Brian"
C.R. McMullen Co. Inc.,http://www.crmcmullen.com,(760) 715-1217,2435 Cades Way,Vista,CA,92081,United States,Manufacturing,346805704,http://www.linkedin.com/company/c-r-mcmullen-co-,https://nlcorp.app.netsuite.com/app/common/entity/custjob.nl?id=59251872,brian.br.oneill@oracle.com,"O'Neill, Brian"
Caffe Classico Foods Inc.,http://www.caffeclassicofoods.com,925 602 5400,2500 analissa drive,Concord,CA,94520-1178,United States,Manufacturing,17238338,http://www.linkedin.com/company/caffe-classico,https://nlcorp.app.netsuite.com/app/common/entity/custjob.nl?id=1681642,brian.br.oneill@oracle.com,"O'Neill, Brian"
CALIFORNIA FINE WIRE CO,http://www.calfinewire.com,805 489 5144,,GROVER BEACH,CA,93483,United States,Manufacturing,6275122,http://www.linkedin.com/company/california-fine-wire-co,https://nlcorp.app.netsuite.com/app/common/entity/custjob.nl?id=494080,brian.br.oneill@oracle.com,"O'Neill, Brian"
Carr Lane Manufacturing,http://www.carrlane.com,314 647 6200,4200 Carr Lane Court,St. Louis,MO,63119,United States,Manufacturing,21662609,http://www.linkedin.com/company/2532543,https://nlcorp.app.netsuite.com/app/common/entity/custjob.nl?id=53282770,brian.br.oneill@oracle.com,"O'Neill, Brian"
Cbcc Global Research,https://www.cbcc.global,(661) 862-8588,6501 Truxtun Ave,Bakersfield,CA,93309,United States,Retail,406702609,http://www.linkedin.com/company/vibgyor-scientific-research-pvt--ltd-,https://nlcorp.app.netsuite.com/app/common/entity/custjob.nl?id=122776306,brian.br.oneill@oracle.com,"O'Neill, Brian"
Chalet Desserts Inc.,http://www.chaletdesserts.com,877 241 6161,,Sacramento,CA,95815,United States,Retail,356104882,http://www.linkedin.com/company/chalet-desserts-inc,https://nlcorp.app.netsuite.com/app/common/entity/custjob.nl?id=59721779,brian.br.oneill@oracle.com,"O'Neill, Brian"
Chamberlin Agriculture,http://chamberlinag.com,(509) 699-1732,590 N Chamberlin Way,East Wenatchee,WA,98802,United States,Finance,365544372,http://www.linkedin.com/company/chamberlin-agriculture-inc,https://nlcorp.app.netsuite.com/app/common/entity/custjob.nl?id=186743198,brian.br.oneill@oracle.com,"O'Neill, Brian"
Chemcor Chemical Corporation,http://www.chemcorchemical.com,909-590-7234,13770 Benson Ave,Chino,CA,91710,United States,Manufacturing,356604686,https://www.linkedin.com/sales/company/6219236,https://nlcorp.app.netsuite.com/app/common/entity/custjob.nl?id=34920868,brian.br.oneill@oracle.com,"O'Neill, Brian"
Choc-Art LLC,http://www.candymaker.com,661 257 3700,24836 Ave Rockefeller,Valencia,CA,913553467,United States,Retail,435532772,http://www.linkedin.com/company/chocolates-a-la-carte,https://nlcorp.app.netsuite.com/app/common/entity/custjob.nl?id=67382516,brian.br.oneill@oracle.com,"O'Neill, Brian"
Chuckanut Bay Foods,http://www.chuckanutbay.com,360 380 1908,5501 Hovander Rd # 1,Ferndale,WA,98248,United States,Manufacturing,354006257,http://www.linkedin.com/company/chuckanut-bay-foods,https://nlcorp.app.netsuite.com/app/common/entity/custjob.nl?id=9764698,brian.br.oneill@oracle.com,"O'Neill, Brian"
Clay Laguna Co,http://www.lagunaclay.com,16263300631,14400 Lomitas Ave,City of Industry,CA,917463018,United States,Manufacturing,21987923,https://www.linkedin.com/company/lagunaclay/,https://nlcorp.app.netsuite.com/app/common/entity/custjob.nl?id=130785553,brian.br.oneill@oracle.com,"O'Neill, Brian"
Clear Image Printing,http://www.clearimageprinting.com,7475004599,12744 San Fernando Rd Ste 200,Sylmar,CA,91342,United States,Business Services,354049031,http://www.linkedin.com/company/clear-image-printing-company,https://nlcorp.app.netsuite.com/app/common/entity/custjob.nl?id=186854612,brian.br.oneill@oracle.com,"O'Neill, Brian"
CLW Foods,http://www.clwfoods.com,3234324600,8765 3rd Street,Hanford,CA,93230,United States,Manufacturing,358119868,http://www.linkedin.com/company/clw-foods-llc,https://nlcorp.app.netsuite.com/app/common/entity/custjob.nl?id=118342128,brian.br.oneill@oracle.com,"O'Neill, Brian"
Competition Specialties,https://www.compspecialties.com,253-833-6211,,Auburn,WA,98001,United States,Retail,1125822401,http://www.linkedin.com/company/competition-specialties,https://nlcorp.app.netsuite.com/app/common/entity/custjob.nl?id=207531627,brian.br.oneill@oracle.com,"O'Neill, Brian"
Condor,http://condoroutdoor.com,(626) 303-3383,5268 Rivergrade Rd,Irwindale,CA,91706,United States,Retail,29216645,http://www.linkedin.com/company/condor-corporation-property-management,https://nlcorp.app.netsuite.com/app/common/entity/custjob.nl?id=183112096,brian.br.oneill@oracle.com,"O'Neill, Brian"
Continental Floral Greens,http://www.cfgreens.com,360-602-5422,,Belfair,WA,98528,United States,Retail,29775549,http://www.linkedin.com/company/continental-floral-greens,https://nlcorp.app.netsuite.com/app/common/entity/custjob.nl?id=164962503,brian.br.oneill@oracle.com,"O'Neill, Brian"
Copper Door Coffee,http://www.copperdoorcoffee.com,720 432 1891,923 Jersey St,Denver,CO,802204592,United States,Retail,372350706,http://www.linkedin.com/company/copper-hound-coffee,https://nlcorp.app.netsuite.com/app/common/entity/custjob.nl?id=76868409,brian.br.oneill@oracle.com,"O'Neill, Brian"
Corefx Ingredients Llc,http://www.corefxingredients.com/,773 271 2663,1007 Church St Ste 800,Evanston,IL,60625,United States,Retail,398786389,http://www.linkedin.com/company/corefx-ingredients-llc,https://nlcorp.app.netsuite.com/app/common/entity/custjob.nl?id=62126055,brian.br.oneill@oracle.com,"O'Neill, Brian"
Creations Foods,https://www.creationsfoods.com/,360-366-4567,2252 Odell St,Blaine,WA,98230,United States,Manufacturing,468776949,http://www.linkedin.com/company/creations-foods,https://nlcorp.app.netsuite.com/app/common/entity/custjob.nl?id=72178208,brian.br.oneill@oracle.com,"O'Neill, Brian"
DaCosta Farms LLC,https://dacostafarms.com/,208-718-8205,111 Alpine Drive,Gonzalez,CA,93926,United States,Manufacturing,,,https://nlcorp.app.netsuite.com/app/common/entity/custjob.nl?id=177394753,brian.br.oneill@oracle.com,"O'Neill, Brian"
Dandelion Chocolate,https://www.dandelionchocolate.com/,415 349 0942,740 Valencia St,San Francisco,CA,94110,United States,Manufacturing,355316243,http://www.linkedin.com/company/dandelion-chocolate,https://nlcorp.app.netsuite.com/app/common/entity/custjob.nl?id=18341123,brian.br.oneill@oracle.com,"O'Neill, Brian"
DCD Design & Manufacturing,https://www.dcddesign.com/,6042324445,6620 Mcmillan Way,Richmond,BC,V6W1J7,Canada,Manufacturing,10715751,http://www.linkedin.com/company/dcd-design-&-manufacturing-ltd,https://nlcorp.app.netsuite.com/app/common/entity/custjob.nl?id=163665318,brian.br.oneill@oracle.com,"O'Neill, Brian"
Del Mar Packing,http://www.delmarfarms.com,2098945555,9843 Cox Rd,Patterson,CA,95363,United States,Agriculture,1138901486,http://www.linkedin.com/company/del-mar-farms,https://nlcorp.app.netsuite.com/app/common/entity/custjob.nl?id=163880457,brian.br.oneill@oracle.com,"O'Neill, Brian"
Delta Controls,https://www.deltacontrols.com,604-574-9444,17850 56th Ave,Langley,BC,V3S 1C7,Canada,Manufacturing,34393292,http://www.linkedin.com/company/delta-controls,https://nlcorp.app.netsuite.com/app/common/entity/custjob.nl?id=36885382,brian.br.oneill@oracle.com,"O'Neill, Brian"
Delta Power,http://www.delta-power.com,815 397 6628,4484 Boeing Dr,Rockford,IL,61109,United States,Manufacturing,34393426,http://www.linkedin.com/company/delta-power-co-llc,https://nlcorp.app.netsuite.com/app/common/entity/custjob.nl?id=3754603,brian.br.oneill@oracle.com,"O'Neill, Brian"
Denali Brewpub,http://www.denalibrewing.com,907-733-2540,,,AK,,United States,Manufacturing,363420493,http://www.linkedin.com/company/twister-creek-restaurant,https://nlcorp.app.netsuite.com/app/common/entity/custjob.nl?id=38140514,brian.br.oneill@oracle.com,"O'Neill, Brian"
Dmg Mori Digital Technology Laboratory Corporation,https://us.dmgmori.com/,530 746 7400/011-807-6666,3601 Faraday Ave,Davis,CA,956187776,United States,Manufacturing,359550416,http://www.linkedin.com/company/dmgmoriusa,https://nlcorp.app.netsuite.com/app/common/entity/custjob.nl?id=115184015,brian.br.oneill@oracle.com,"O'Neill, Brian"
Double L Group,http://www.doublel.com/,213 622 4047,,Dyersville,IA,52040,United States,Agriculture,11698653,http://www.linkedin.com/company/double-l-global,https://nlcorp.app.netsuite.com/app/common/entity/custjob.nl?id=13689634,brian.br.oneill@oracle.com,"O'Neill, Brian"
"Doug Mockett & Company, Inc.",http://www.mockett.com,310 318 2491,1915 Abalone Ave,Torrance,CA,90501,United States,Retail,43109595,http://www.linkedin.com/company/420893,https://nlcorp.app.netsuite.com/app/common/entity/custjob.nl?id=1454920,brian.br.oneill@oracle.com,"O'Neill, Brian"
Dugan's Paint & Flooring Center,http://www.dugans1871.com,660 826 0142,3103 Erica,Sedalia,MO,65301-7991,United States,Retail,37654878,http://www.linkedin.com/company/dugan's-paint-&-flooring-center,https://nlcorp.app.netsuite.com/app/common/entity/custjob.nl?id=3114290,brian.br.oneill@oracle.com,"O'Neill, Brian"
Dynamic Rescue Systems Inc,http://www.dynamicrescue.com,6045220228,10425 173 St,Surrey,BC,V4M 5H3,Canada,Manufacturing,355704103,http://www.linkedin.com/company/dynamic-rescue-systems-inc,https://nlcorp.app.netsuite.com/app/common/entity/custjob.nl?id=149639940,brian.br.oneill@oracle.com,"O'Neill, Brian"
"E & S International Enterprises, Inc.",https://www.esintl.com,818-702-2256,7801 Hayvenhurst Ave,Van Nuys,CA,90015,United States,Retail,40749570,http://www.linkedin.com/company/esi-enterprises-inc-,https://nlcorp.app.netsuite.com/app/common/entity/custjob.nl?id=111634412,brian.br.oneill@oracle.com,"O'Neill, Brian"
EBD Truss,http://ebdtruss.com,319 653 6235,230 Hwy 1 and 92 N,Washington,IA,52353,United States,Manufacturing,83282818,http://www.linkedin.com/company/engineered-building-design-lc,https://nlcorp.app.netsuite.com/app/common/entity/custjob.nl?id=196389671,brian.br.oneill@oracle.com,"O'Neill, Brian"
Electron Beam Technologies Inc,http://www.electronbeam.com,815-935-2211,1275 Harvard Dr,Kankakee,IL,60901-9471,United States,Manufacturing,16992089,http://www.linkedin.com/company/electron-beam-technologies-inc,https://nlcorp.app.netsuite.com/app/common/entity/custjob.nl?id=3442139,brian.br.oneill@oracle.com,"O'Neill, Brian"
Elevated Inc,http://elevated.inc,(323) 391-1058,1313 W 135th St,Gardena,CA,90247,United States,Manufacturing,451744468,http://www.linkedin.com/company/elevatedmaterials,https://nlcorp.app.netsuite.com/app/common/entity/custjob.nl?id=197304517,brian.br.oneill@oracle.com,"O'Neill, Brian"
Elevation Foods,http://www.elevation-foods.com,865 689 5893 x126,250 Fillmore Street,Denver,CO,80206,United States,Retail,470879717,http://www.linkedin.com/company/elevation-foods,https://nlcorp.app.netsuite.com/app/common/entity/custjob.nl?id=116566485,brian.br.oneill@oracle.com,"O'Neill, Brian"
Elk Cove Vineyards,http://www.elkcove.com,503 985 7760,27751 NW Olson Rd,Gaston,OR,97119-8042,United States,Retail,40047511,http://www.linkedin.com/company/campbell-vineyard-properties-llc,https://nlcorp.app.netsuite.com/app/common/entity/custjob.nl?id=3543783,brian.br.oneill@oracle.com,"O'Neill, Brian"
Ensight Solutions LLC,http://www.ensightsolutions.us,855 736 2195,,Strafford,MO,65757,United States,Manufacturing,432227935,http://www.linkedin.com/company/ensight-solutions-llc,https://nlcorp.app.netsuite.com/app/common/entity/custjob.nl?id=71945013,brian.br.oneill@oracle.com,"O'Neill, Brian"
Exodus Rigs,https://www.exodusrigs.com/,805 484 8855,10572 Acacia Street,Rancho Cucamonga,CA,91730,United States,Manufacturing,1322875203,https://www.linkedin.com/company/exodusrigs/,https://nlcorp.app.netsuite.com/app/common/entity/custjob.nl?id=163937627,brian.br.oneill@oracle.com,"O'Neill, Brian"
Express Chipping,http://www.chippingconcrete.com,888 919 2447,418 Goetz Ave,Santa Ana,CA,927073710,United States,Manufacturing,410765568,https://www.linkedin.com/company/expresschipping/,https://nlcorp.app.netsuite.com/app/common/entity/custjob.nl?id=114770961,brian.br.oneill@oracle.com,"O'Neill, Brian"
"Exquadrum, Inc.",http://www.exquadrum.com,760 246 0279,13313 Sabre Blvd Victorville,"Victorville,",CA,92394,United States,Manufacturing,24988145,http://www.linkedin.com/company/exquadrum-inc,https://nlcorp.app.netsuite.com/app/common/entity/custjob.nl?id=5497345,brian.br.oneill@oracle.com,"O'Neill, Brian"
Fat Panda Ltd.,http://www.fatpanda.ca,2042291542,883 Notre Dame Ave Unit 101,Winnipeg,MB,R3E 0M4,Canada,Retail,373184783,http://www.linkedin.com/company/fat-panda-vape-shop,https://nlcorp.app.netsuite.com/app/common/entity/custjob.nl?id=209450604,brian.br.oneill@oracle.com,"O'Neill, Brian"
"FBC Industries, Inc.",http://www.fbcindustries.com,847 839 0880,"1933 N. Meacham Rd, Suite 550",Schaumburg,IL,60173-4558,United States,Manufacturing,43995656,,https://nlcorp.app.netsuite.com/app/common/entity/custjob.nl?id=2955732,brian.br.oneill@oracle.com,"O'Neill, Brian"
Fiocchi Of America,http://www.fiocchiusa.com,417 449 1034,6930 N Fremont Rd,Ozark,MO,65721-5954,United States,Manufacturing,29919775,http://www.linkedin.com/company/fiocchi-of-america,https://nlcorp.app.netsuite.com/app/common/entity/custjob.nl?id=3191313,brian.br.oneill@oracle.com,"O'Neill, Brian"
Forbes Industries,http://www.forbesindustries.com,909 923 4559,1933 E Locust St,Ontario,CA,91761-7608,United States,Minerals & Mining,46386137,http://www.linkedin.com/company/forbesindustries,https://nlcorp.app.netsuite.com/app/common/entity/custjob.nl?id=1922656,brian.br.oneill@oracle.com,"O'Neill, Brian"
Forespar Products Corp,http://www.forespar.com,949 858 8820,22322 Gilberto,Rancho Santa Margarita,CA,92688-2102,United States,Retail,14876919,http://www.linkedin.com/company/u-s-superyacht-association,https://nlcorp.app.netsuite.com/app/common/entity/custjob.nl?id=3428994,brian.br.oneill@oracle.com,"O'Neill, Brian"
Forge Graphic Works,http://www.forgepdx.com,503 208 3238,,Portland,OR,,United States,Business Services,403113354,https://www.linkedin.com/sales/company/2129195,https://nlcorp.app.netsuite.com/app/common/entity/custjob.nl?id=138915440,brian.br.oneill@oracle.com,"O'Neill, Brian"
French Gourmet Inc,http://www.frenchgourmet.com,775 525 2525,,Sparks,NV,89431,United States,Manufacturing,47581236,http://www.linkedin.com/company/french-gourmet-inc-,https://nlcorp.app.netsuite.com/app/common/entity/custjob.nl?id=48765286,brian.br.oneill@oracle.com,"O'Neill, Brian"
Garratt Callahan,http://www.garrattcallahan.com,(650) 697-5811,50 Ingold Rd,Daly City,CA,94014,United States,Manufacturing,15615015,http://www.linkedin.com/company/garratt-callahan-company,https://nlcorp.app.netsuite.com/app/common/entity/custjob.nl?id=181250271,brian.br.oneill@oracle.com,"O'Neill, Brian"
Gelish/Nail Alliance,http://gelish.com,(562) 755-0925,1545 Moonstone,Brea,CA,92821,United States,Consumer Services,358294172,http://www.linkedin.com/company/hand-&-nail-harmony-inc,https://nlcorp.app.netsuite.com/app/common/entity/custjob.nl?id=188444837,brian.br.oneill@oracle.com,"O'Neill, Brian"
Girard's Dressings,http://www.girardsdressings.com,323 846 2700 ext. 781,145 Willow Ave,La Puente,CA,91746,United States,Manufacturing,48679976,https://www.linkedin.com/company/girards-foodservice/jobs/,https://nlcorp.app.netsuite.com/app/common/entity/custjob.nl?id=197089575,brian.br.oneill@oracle.com,"O'Neill, Brian"
Global Air Logistics and Training (GALT),http://www.galt.aero,7606880362,445 Marine View Ave Ste 315,Del Mar,CA,92014,United States,Manufacturing,437249490,http://www.linkedin.com/company/global-air-logistics-and-training,https://nlcorp.app.netsuite.com/app/common/entity/custjob.nl?id=78979303,brian.br.oneill@oracle.com,"O'Neill, Brian"
Global Plumbing and Fire Supply Inc.,http://www.gpfsupply.com,714-288-2087,"1247 N Batavia St, Ste B, Orange, California",Orange,CA,92867,United States,Retail,422248815,http://linkedin.com/company/glpfs,https://nlcorp.app.netsuite.com/app/common/entity/custjob.nl?id=93374210,brian.br.oneill@oracle.com,"O'Neill, Brian"
GPI Anatomicals,http://www.gpianatomicals.com,847 615 8900,960 W North Shore Dr,Lake Bluff,IL,60044-2202,United States,Retail,16482725,http://www.linkedin.com/company/gpi-prototype,https://nlcorp.app.netsuite.com/app/common/entity/custjob.nl?id=3246993,brian.br.oneill@oracle.com,"O'Neill, Brian"
"Greater Pacific Industries, Inc.",http://www.greaterpacific.com,425.643.6576,5828 221st PI SE,Issaquah,WA,98027,United States,Manufacturing,52022853,http://www.linkedin.com/company/greater-china,https://nlcorp.app.netsuite.com/app/common/entity/custjob.nl?id=136974470,brian.br.oneill@oracle.com,"O'Neill, Brian"
Guardian Equipment Inc.,http://www.gesafety.com,(312) 447-8100,1140 N North Branch St.,Chicago,IL,60642,United States,Manufacturing,52710337,http://www.linkedin.com/company/guardian-equipment,https://nlcorp.app.netsuite.com/app/common/entity/custjob.nl?id=3479549,brian.br.oneill@oracle.com,"O'Neill, Brian"
Hardy Diagnostics,http://hardydiagnostics.com,805 406 0518,1430 W Mccoy Lane,Santa Maria,CA,93455-1005,United States,Manufacturing,43259061,http://www.linkedin.com/company/63677,https://nlcorp.app.netsuite.com/app/common/entity/custjob.nl?id=2411844,brian.br.oneill@oracle.com,"O'Neill, Brian"
Haven Sleep,http://havenmattress.ca,250-212-7075,460 Doyle Ave Suite 201,Kelowna,BC,V1Y 2M1,Canada,Manufacturing,403365521,http://www.linkedin.com/company/haven-sleep-co,https://nlcorp.app.netsuite.com/app/common/entity/custjob.nl?id=208926368,brian.br.oneill@oracle.com,"O'Neill, Brian"
Hawaiian Host Chocolates,http://www.hawaiianhost.com,(808) 842-7309,500 Alakawa Street Suite 111,Honolulu,HI,96817,United States,Retail,52857415,http://linkedin.com/company/hawaiian-host-inc.,https://nlcorp.app.netsuite.com/app/common/entity/custjob.nl?id=99643084,brian.br.oneill@oracle.com,"O'Neill, Brian"
HIGH COUNTRY LUMBER INC,http://www.highcountrylumber.com,760 873 5874,444 S Main St,Bishop,CA,935143421,United States,Manufacturing,54054251,http://www.linkedin.com/company/high-country-lumber,https://nlcorp.app.netsuite.com/app/common/entity/custjob.nl?id=73888982,brian.br.oneill@oracle.com,"O'Neill, Brian"
High Quality Organics,http://www.hqorganics.com,(775) 971-8550,12101 Moya Blvd,Reno,NV,89506,United States,Retail,345994958,http://www.linkedin.com/company/high-quality-organics,https://nlcorp.app.netsuite.com/app/common/entity/custjob.nl?id=189634755,brian.br.oneill@oracle.com,"O'Neill, Brian"
"Hilo Fish Company, Inc",http://www.hilofish.com,(808) 961-0877,55 Holomua St Ste A,Hilo,HI,96720,United States,Retail,55529189,http://www.linkedin.com/company/hilo-fish-company-inc.,https://nlcorp.app.netsuite.com/app/common/entity/custjob.nl?id=35327183,brian.br.oneill@oracle.com,"O'Neill, Brian"
HO SPORTS,http://www.hosports.com,800-938-4646,7926 BRACKEN PLACE SE,Snoqualmie,WA,98065,United States,Manufacturing,44896450,http://www.linkedin.com/company/ho-sports,https://nlcorp.app.netsuite.com/app/common/entity/custjob.nl?id=46534649,brian.br.oneill@oracle.com,"O'Neill, Brian"
Hoffmeyer,http://www.hoffmeyerco.com,510 755 9588,2950 Merced St #Suite 200,San Leandro,CA,94577,United States,Minerals & Mining,23742101,http://www.linkedin.com/company/hoffmeyer-company-inc-,https://nlcorp.app.netsuite.com/app/common/entity/custjob.nl?id=137082263,brian.br.oneill@oracle.com,"O'Neill, Brian"
Hollabaugh Brothers & Associates,http://www.hbarep.com,503 238 0313,3028 SE 17th Ave,Portland,OR,97202,United States,Retail,1125780280,http://www.linkedin.com/company/hollabaugh-brothers-associates,https://nlcorp.app.netsuite.com/app/common/entity/custjob.nl?id=162982304,brian.br.oneill@oracle.com,"O'Neill, Brian"
Homewood Building Supply,http://www.hbs-lbm.com,(916) 624-0627,4011 Sierra College Boulevard,Loomis,CA,95650,United States,Retail,71485778,http://www.linkedin.com/company/homewood-lumber,https://nlcorp.app.netsuite.com/app/common/entity/custjob.nl?id=134741443,brian.br.oneill@oracle.com,"O'Neill, Brian"
"HTI Polymer, Inc.",https://htipolymer.com/,425 487 8911,18702 142Nd Ave NE,Woodinville,WA,98072,United States,Manufacturing,346462557,http://www.linkedin.com/company/diacon-inc-,https://nlcorp.app.netsuite.com/app/common/entity/custjob.nl?id=31331844,brian.br.oneill@oracle.com,"O'Neill, Brian"
Humidity Control Systems Inc,http://www.coolerking.com,7752462000,Po Box 21066,Carson City,NV,89721,United States,Manufacturing,24462731,http://www.linkedin.com/company/humidity-control-systems-inc,https://nlcorp.app.netsuite.com/app/common/entity/custjob.nl?id=122402431,brian.br.oneill@oracle.com,"O'Neill, Brian"
"Imperial Cal. Products, Inc.",http://www.imperialhoods.com,7149909100,425 Apollo St,Brea,CA,928213110,United States,Manufacturing,69046265,http://www.linkedin.com/company/imperial-cal-products,https://nlcorp.app.netsuite.com/app/common/entity/custjob.nl?id=139614190,brian.br.oneill@oracle.com,"O'Neill, Brian"
InertialSense,http://inertialsense.com,(801) 610-6771,3000 S Sierra Vis Wy Suite 2,Provo,UT,84042,United States,Transportation,371698593,http://www.linkedin.com/company/inertial-sense,https://nlcorp.app.netsuite.com/app/common/entity/custjob.nl?id=178416777,brian.br.oneill@oracle.com,"O'Neill, Brian"
InnovaFlex Foundry,http://www.innovaflexusa.com,719 663 0450,1635 Aeroplaza Drive,Manitou Springs,CO,80829,United States,Manufacturing,566152636,http://www.linkedin.com/company/innovaflex-foundry,https://nlcorp.app.netsuite.com/app/common/entity/custjob.nl?id=149855480,brian.br.oneill@oracle.com,"O'Neill, Brian"
Interstate Meat Distributors,http://www.interstatemeat.com,503 656 0633,,Clackamas,OR,97015,United States,Retail,400458975,http://www.linkedin.com/company/interstate-meat-distributors,https://nlcorp.app.netsuite.com/app/common/entity/custjob.nl?id=12755747,brian.br.oneill@oracle.com,"O'Neill, Brian"
Ironwood Clay Company Inc.,http://ironwoodclay.com,604 279 9498,3771 Jacombs Rd Suite 450,Richmond,BC,V6V2L9,Canada,Manufacturing,343937621,http://www.linkedin.com/company/ironwood-clay-co-inc,https://nlcorp.app.netsuite.com/app/common/entity/custjob.nl?id=40322090,brian.br.oneill@oracle.com,"O'Neill, Brian"
Jackson Hole Buffalo Meat Company,http://www.jhbuffalomeat.com,307 733 4159,1325 S Highway 89,Jackson,WY,83001-8294,United States,Retail,63801539,http://www.linkedin.com/company/jackson-hole-buffalo-meat,https://nlcorp.app.netsuite.com/app/common/entity/custjob.nl?id=137193683,brian.br.oneill@oracle.com,"O'Neill, Brian"
Joe's USA,http://www.joesusa.com,949 613 5635,23461 Ridge Route Dr,Laguna Hills,CA,92653,United States,Retail,355947304,http://www.linkedin.com/company/saddleback-materials-co-inc,https://nlcorp.app.netsuite.com/app/common/entity/custjob.nl?id=24323639,brian.br.oneill@oracle.com,"O'Neill, Brian"
Joneca Corporation,http://www.joneca.com,714 993 5997,4332 E La Palma Ave,Anaheim,CA,92807,United States,Minerals & Mining,63801357,http://www.linkedin.com/company/joneca-corporation,https://nlcorp.app.netsuite.com/app/common/entity/custjob.nl?id=38132196,brian.br.oneill@oracle.com,"O'Neill, Brian"
joNiitakaya Usa Inc.,http://www.niitakaya.com,323 720 5050,1801 Gage Rd,Montebello,CA,90640,United States,Retail,356343818,http://www.linkedin.com/company/niitakaya-u-s-a-inc,https://nlcorp.app.netsuite.com/app/common/entity/custjob.nl?id=9067706,brian.br.oneill@oracle.com,"O'Neill, Brian"
Jti Architectural Millwork,http://www.jtimillwork.com,7149741008,1934 N Enterprise St,Orange,CA,928654102,United States,Manufacturing,348013245,https://www.linkedin.com/company/jeffrey-trott-industries-inc./about/,https://nlcorp.app.netsuite.com/app/common/entity/custjob.nl?id=139729300,brian.br.oneill@oracle.com,"O'Neill, Brian"
JuneShine,http://www.juneshine.com,(619) 501-8311,3052 El Cajon Blvd.,San Diego,CA,92104,United States,Manufacturing,455089183,https://www.linkedin.com/company/juneshine/,https://nlcorp.app.netsuite.com/app/common/entity/custjob.nl?id=71861374,brian.br.oneill@oracle.com,"O'Neill, Brian"
Justice Bedding Co,http://www.justicefurniture.com,417 532 5757,990 W Elm St,Lebanon,MO,65536,United States,Retail,65899679,http://www.linkedin.com/company/justice-furniture-mfg-co-inc,https://nlcorp.app.netsuite.com/app/common/entity/custjob.nl?id=3702285,brian.br.oneill@oracle.com,"O'Neill, Brian"
JW Floor Covering,http://www.jwfloors.com,858 530 2901,9881 Carroll Centre Rd,San Diego,CA,92126-4554,United States,Manufacturing,65950274,,https://nlcorp.app.netsuite.com/app/common/entity/custjob.nl?id=3139506,brian.br.oneill@oracle.com,"O'Neill, Brian"
"K. Hall Studio, Inc.",http://www.khallstudio.com,314 961 1990,715 Hanley Industrial Court,St. Louis,MO,63144,United States,Retail,78284662,http://www.linkedin.com/company/k-hall-studio-inc,https://nlcorp.app.netsuite.com/app/common/entity/custjob.nl?id=12376611,brian.br.oneill@oracle.com,"O'Neill, Brian"
Keto Natural,http://www.ketonaturalpetfoods.com,(201) 407-9072,Address PO Box 522317,Salt Lake City,UT,84111,United States,Manufacturing,446487751,http://www.linkedin.com/company/ketonatural-pet-foods,https://nlcorp.app.netsuite.com/app/common/entity/custjob.nl?id=70984667,brian.br.oneill@oracle.com,"O'Neill, Brian"
Kimco Controls,http://www.kimcocontrols.ca,250 491 2282,171 Commercial Dr,Kelowna,BC,V1X 7W2,Canada,Construction,65735105,http://www.linkedin.com/company/kimco-controls,https://nlcorp.app.netsuite.com/app/common/entity/custjob.nl?id=9873348,brian.br.oneill@oracle.com,"O'Neill, Brian"
King Cheese Corp,http://www.kingcheese.com,626-599-8585,,Monrovia,CA,91016,United States,Retail,386861976,http://linkedin.com/company/king-cheese-corp,https://nlcorp.app.netsuite.com/app/common/entity/custjob.nl?id=201042130,brian.br.oneill@oracle.com,"O'Neill, Brian"
KJ Contracting,http://www.kjcontracting.net,2507544569,1983 Main Rd,Nanaimo,BC,V9X1T6,Canada,Retail,345018610,http://www.linkedin.com/company/k-j-electrical-contractors,https://nlcorp.app.netsuite.com/app/common/entity/custjob.nl?id=162115262,brian.br.oneill@oracle.com,"O'Neill, Brian"
Knez Inc,http://www.knezinc.com,4124955289,"8185 SW Hunziker St, Suite A, Portland OR United States (US) 97223",portland,OR,97223,United States,Retail,345039130,http://www.linkedin.com/company/knez-building-material-inc,https://nlcorp.app.netsuite.com/app/common/entity/custjob.nl?id=145068015,brian.br.oneill@oracle.com,"O'Neill, Brian"
"KNG BRANDS, INC  DBA PISTOLA DBA DAZE",http://www.euninajeans.com,213 747 1672,1100 S. San Pedro St. #J-9,Los Angeles,CA,90015,United States,Retail,368645563,http://www.linkedin.com/company/euninajeans,https://nlcorp.app.netsuite.com/app/common/entity/custjob.nl?id=64322037,brian.br.oneill@oracle.com,"O'Neill, Brian"
La Canasta Mexican Food Products,http://www.la-canasta.com,602 889 1147,,,AZ,,United States,Manufacturing,58396210,http://www.linkedin.com/company/la-canasta-mexican-food-inc,https://nlcorp.app.netsuite.com/app/common/entity/custjob.nl?id=1904366,brian.br.oneill@oracle.com,"O'Neill, Brian"
Layton Manufacturing,http://www.laytonsystems.com,503 585 4888,672 Murlark Ave NW,Salem,OR,97304,United States,Manufacturing,358110595,http://www.linkedin.com/company/layton-systems-inc,https://nlcorp.app.netsuite.com/app/common/entity/custjob.nl?id=166295833,brian.br.oneill@oracle.com,"O'Neill, Brian"
Lee Spring,http://www.leespring.com,5555555555,1235 N Hobson St,Gilbert,AZ,85233,United States,Manufacturing,62097218,http://www.linkedin.com/company/lee-spring,https://nlcorp.app.netsuite.com/app/common/entity/custjob.nl?id=185406894,brian.br.oneill@oracle.com,"O'Neill, Brian"
Leider Greenhouse,http://www.leider.us,18477260415,855 E Aptakisic Rd,Buffalo Grove,IL,60089,United States,Agriculture,70322631,http://www.linkedin.com/company/leider-greenhouses,https://nlcorp.app.netsuite.com/app/common/entity/custjob.nl?id=141447372,brian.br.oneill@oracle.com,"O'Neill, Brian"
LifeWave Inc.,http://www.lifewave.com,949 228 1715,9775 Businesspark Ave.,San Diego,CA,92131,United States,Manufacturing,60261665,http://www.linkedin.com/company/lifewave-limited,https://nlcorp.app.netsuite.com/app/common/entity/custjob.nl?id=193266442,brian.br.oneill@oracle.com,"O'Neill, Brian"
Lions Floor,http://www.lionsfloor.com,(626) 581-4886,9435 Sorensen Ave,Santa Fe Springs,CA,90670,United States,Retail,450272440,http://www.linkedin.com/company/lions-floor,https://nlcorp.app.netsuite.com/app/common/entity/custjob.nl?id=208097417,brian.br.oneill@oracle.com,"O'Neill, Brian"
Liquid Graphics,http://liquidgraphicsmfg.com,(949) 486-3588,,Santa Ana,CA,92704,United States,Retail,103433185,http://www.linkedin.com/company/liquid-graphics,https://nlcorp.app.netsuite.com/app/common/entity/custjob.nl?id=157787711,brian.br.oneill@oracle.com,"O'Neill, Brian"
Liquid Health,http://www.liquidhealthinc.com,(951) 461-2756,"783 Cimarron Ct,",Bunkerville,NV,89007,United States,Manufacturing,367682795,http://www.linkedin.com/company/1073195,https://nlcorp.app.netsuite.com/app/common/entity/custjob.nl?id=5322902,brian.br.oneill@oracle.com,"O'Neill, Brian"
"Llamas Plastics, Inc./Lee Aerospace",http://www.llamasplastics.com,818 362 0371,12970 BRADLEY AVE,SYLMAR,CA,91342,United States,Manufacturing,71649562,http://www.linkedin.com/company/llamas-plastics-inc,https://nlcorp.app.netsuite.com/app/common/entity/custjob.nl?id=368987,brian.br.oneill@oracle.com,"O'Neill, Brian"
Long Grove Confectionary Co,http://www.longgrove.com,8474590269,114 Old McHenry Road,Lake Zurich,IL,60047,United States,Retail,32065047,http://www.linkedin.com/company/long-grove-confectionery-co,https://nlcorp.app.netsuite.com/app/common/entity/custjob.nl?id=39147691,brian.br.oneill@oracle.com,"O'Neill, Brian"
"Lumberyard Suppliers, Inc.",http://www.ls-usa.com,(309) 694-4356,300 Pinecrest Dr,East Peoria,IL,616111598,United States,Retail,354196200,http://www.linkedin.com/company/ls-building-products,https://nlcorp.app.netsuite.com/app/common/entity/custjob.nl?id=141680307,brian.br.oneill@oracle.com,"O'Neill, Brian"
"Lumisource, LLC",http://www.lumisource.com,847 699 8988,2950 Old Higgins Rd,Elk Grove Village,IL,,United States,Manufacturing,54413922,https://www.linkedin.com/company/lumisource-llc/,https://nlcorp.app.netsuite.com/app/common/entity/custjob.nl?id=3395655,brian.br.oneill@oracle.com,"O'Neill, Brian"
MagnaTiles,http://www.magnatiles.com,708-246-7209,,Romeoville,IL,60446,United States,Manufacturing,23495646,http://www.linkedin.com/company/magna-tiles,https://nlcorp.app.netsuite.com/app/common/entity/custjob.nl?id=126950597,brian.br.oneill@oracle.com,"O'Neill, Brian"
Mallard Creek inc,http://www.mallardcreekinc.com,916 645 1681,4095 Duluth Avenue,Rocklin,CA,95765,United States,Consumer Services,52233288,http://www.linkedin.com/company/mallard-creek-inc123,https://nlcorp.app.netsuite.com/app/common/entity/custjob.nl?id=18873120,brian.br.oneill@oracle.com,"O'Neill, Brian"
Mamma Chia,https://www.mammachia.com,855-588-2442,,Carlsbad,CA,92008,United States,Retail,346248746,http://www.linkedin.com/company/mammachia,https://nlcorp.app.netsuite.com/app/common/entity/custjob.nl?id=42955342,brian.br.oneill@oracle.com,"O'Neill, Brian"
Manitobah,http://www.manitobah.ca/,6132764373,932 Erin Street,Winnipeg,MB,R3G 2W5,Canada,Manufacturing,348193263,http://www.linkedin.com/company/manitobah-mukluks,https://nlcorp.app.netsuite.com/app/common/entity/custjob.nl?id=166733564,brian.br.oneill@oracle.com,"O'Neill, Brian"
Manson Growers Coop.,http://www.mansongrowers.com,509 687-3530,PO Box 322,Manson,WA,98831,United States,Agriculture,352556931,http://www.linkedin.com/company/manson-growers-co-op,https://nlcorp.app.netsuite.com/app/common/entity/custjob.nl?id=716414,brian.br.oneill@oracle.com,"O'Neill, Brian"
Marel Power Solutions,https://marel-power.com/,(734) 612-2224,"6155 Almaden Expressway, Suite 400",San Jose,CA,95120,United States,Manufacturing,542703229,http://www.linkedin.com/company/marel-power-solutions,https://nlcorp.app.netsuite.com/app/common/entity/custjob.nl?id=135883865,brian.br.oneill@oracle.com,"O'Neill, Brian"
Matsun Nutrition,http://www.matsunnutrition.com,(951) 813-2316,,Mesquite,NV,89027,United States,Manufacturing,455039676,http://www.linkedin.com/company/matsun-nutrition,https://nlcorp.app.netsuite.com/app/common/entity/custjob.nl?id=59164571,brian.br.oneill@oracle.com,"O'Neill, Brian"
Mauser Packaging Solutions,http://www.mauserpackaging.com,513 608 4310,1515 W 22nd St,Oak Brook,IL,60523,United States,Manufacturing,116556471,http://www.linkedin.com/company/mauser-packaging-solutions,https://nlcorp.app.netsuite.com/app/common/entity/custjob.nl?id=54797147,brian.br.oneill@oracle.com,"O'Neill, Brian"
Maven Outdoor Equipment /Cobalt Golf,http://www.mavenbuilt.com,+1-800-307-1109,160 S 4th St,Lander,WY,825203112,United States,Manufacturing,369183991,,https://nlcorp.app.netsuite.com/app/common/entity/custjob.nl?id=72780188,brian.br.oneill@oracle.com,"O'Neill, Brian"
Mc Neece Bros Oil Co Inc,http://www.mcneecebros.com,760 352 4721,691 E HEIL AVE,El Centro,CA,92243-4603,United States,Manufacturing,371912680,http://www.linkedin.com/company/mcneece-bros-oil-co-inc,https://nlcorp.app.netsuite.com/app/common/entity/custjob.nl?id=14926314,brian.br.oneill@oracle.com,"O'Neill, Brian"
Mccarty Family Farms,http://www.mccartyfamilyfarms.com,7854600596,2231 County Road 31,Rexford,KS,677539437,United States,Agriculture,356512107,http://www.linkedin.com/company/mccartyfamilyfarms,https://nlcorp.app.netsuite.com/app/common/entity/custjob.nl?id=142327055,brian.br.oneill@oracle.com,"O'Neill, Brian"
McCormick Distilling Co Inc,http://www.mccormickdistilling.com,8166402276,1 Mc Cormick Ln,Weston,MO,64098,United States,Manufacturing,75663092,http://linkedin.com/company/mc-cormick-distilling-co,https://nlcorp.app.netsuite.com/app/common/entity/custjob.nl?id=160940306,brian.br.oneill@oracle.com,"O'Neill, Brian"
McKaskle Family Farm,https://www.mckasklefamilyfarm.com,573 752 5001,25 Washington Avenue,Clairton,PA,63826,United States,Agriculture,355928752,http://www.linkedin.com/company/mckaskle-family-farm-llc,https://nlcorp.app.netsuite.com/app/common/entity/custjob.nl?id=118327756,brian.br.oneill@oracle.com,"O'Neill, Brian"
Mechanical Tool & Engineering,http://www.mtehydraulics.com,815 397 4701,4701 Kishwaukee St,Rockford,IL,61109,United States,Manufacturing,57232979,http://www.linkedin.com/company/mte-hydraulics,https://nlcorp.app.netsuite.com/app/common/entity/custjob.nl?id=1956258,brian.br.oneill@oracle.com,"O'Neill, Brian"
Membrion,http://www.membrion.com,206 276 2944,562 First Ave. S. Suite 700,Seattle,WA,98104,United States,"Energy, Utilities & Waste",409177417,http://www.linkedin.com/company/membrion-inc.,https://nlcorp.app.netsuite.com/app/common/entity/custjob.nl?id=47048668,brian.br.oneill@oracle.com,"O'Neill, Brian"
Mendocino Wine Company,http://www.mendocinowineco.com,707 463 5383,1200 Jefferson St,Napa,CA,94559,United States,Manufacturing,39126468,http://www.linkedin.com/company/parducci-wine-cellars,https://nlcorp.app.netsuite.com/app/common/entity/custjob.nl?id=21610298,brian.br.oneill@oracle.com,"O'Neill, Brian"
Mesa Vineyard Management,http://www.mesavineyard.com,18054344100,PO Box 789,Templeton,CA,93465,United States,Agriculture,75337749,http://www.linkedin.com/company/mesa-vineyard-management-oregon-inc.,https://nlcorp.app.netsuite.com/app/common/entity/custjob.nl?id=182021290,brian.br.oneill@oracle.com,"O'Neill, Brian"
Metrology Services,http://www.attinc.com,425 867 5356,2519 152nd Ave NE,Redmond,WA,98052-5574,United States,Retail,3325964,http://www.linkedin.com/company/att-metrology-solutions,https://nlcorp.app.netsuite.com/app/common/entity/custjob.nl?id=460142,brian.br.oneill@oracle.com,"O'Neill, Brian"
Metropolitan Hardwood Floors,http://www.metrofloors.com,253 479 3900,2058 Pine Street,Vancouver,BC,V6J 4P8,Canada,Manufacturing,32785619,http://www.linkedin.com/company/metropolitan-hardwood-floors,https://nlcorp.app.netsuite.com/app/common/entity/custjob.nl?id=54749345,brian.br.oneill@oracle.com,"O'Neill, Brian"
Miles Resources,http://www.milesresources.com,253 862 6405,1615 Hubbard St,Sumner,WA,983902210,United States,Manufacturing,401243799,,https://nlcorp.app.netsuite.com/app/common/entity/custjob.nl?id=115245058,brian.br.oneill@oracle.com,"O'Neill, Brian"
"Millennia Stainless, Inc.",http://www.millenniastainless.com,562 946 3436,10016 ROMANDEL AVE,SANTA FE SPRINGS,CA,90670,United States,Manufacturing,159744557,http://www.linkedin.com/company/millennia-stainless-inc,https://nlcorp.app.netsuite.com/app/common/entity/custjob.nl?id=6385442,brian.br.oneill@oracle.com,"O'Neill, Brian"
Mitchells,https://shop.mitchellstores.com/,203 227 5165,670 Post Rd E,Westport,CT,6880,United States,Retail,346156052,http://www.linkedin.com/company/mitchells-family-store,https://nlcorp.app.netsuite.com/app/common/entity/custjob.nl?id=24053583,brian.br.oneill@oracle.com,"O'Neill, Brian"
Mitsubishi Cement Corp.,http://www.mitsubishicement.com,702 932 3900,3633 Inland Empire Blvd,Ontario,CA,91764,United States,Manufacturing,79053569,http://www.linkedin.com/company/mitsubishi-cement-corporation,https://nlcorp.app.netsuite.com/app/common/entity/custjob.nl?id=2849960,brian.br.oneill@oracle.com,"O'Neill, Brian"
MMA Design LLC,http://www.mmadesignllc.com,(303) 520-9364,"2000 South Taylor Ave, Suite 200",Louisville,CO,80027,United States,Manufacturing,347272753,http://www.linkedin.com/company/mma-design-llc,https://nlcorp.app.netsuite.com/app/common/entity/custjob.nl?id=85248566,brian.br.oneill@oracle.com,"O'Neill, Brian"
Mobile Pixels,https://www.mobilepixels.us/,(580) 904-0998,"Mobile Pixels Inc, 5268 Rivergrade Road",Irwindale,CA,91706,United States,Manufacturing,565806911,http://www.linkedin.com/company/mobile-pixels,https://nlcorp.app.netsuite.com/app/common/entity/custjob.nl?id=50896317,brian.br.oneill@oracle.com,"O'Neill, Brian"
MoFi Distribution,http://www.mofidistribution.com,8000000000,1811 W Bryn Mawr Ave,Chicago,IL,60660,United States,Manufacturing,401180039,https://www.linkedin.com/sales/company/10494779,https://nlcorp.app.netsuite.com/app/common/entity/custjob.nl?id=113587684,brian.br.oneill@oracle.com,"O'Neill, Brian"
MSE Supplies LLC,https://www.msesupplies.com,(520) 789-6673,2705 E Medina Rd Suite 161,Tucson,AZ,85756,United States,Retail,369468677,http://www.linkedin.com/company/mse-supplies-llc,https://nlcorp.app.netsuite.com/app/common/entity/custjob.nl?id=189312208,brian.br.oneill@oracle.com,"O'Neill, Brian"
Munson Boats,http://www.munsonboats.com,360 707 2752,15806 Preston Place,Burlington,WA,98233,United States,Retail,109429975,http://www.linkedin.com/company/william-e-munson-company-inc,https://nlcorp.app.netsuite.com/app/common/entity/custjob.nl?id=19635999,brian.br.oneill@oracle.com,"O'Neill, Brian"
Najarian Furniture Company,http://www.najarianfurniture.com,626 839 8700,17560 Rowland St,City Of Industry,CA,91748-1114,United States,Retail,34685955,http://tarik,https://nlcorp.app.netsuite.com/app/common/entity/custjob.nl?id=22544531,brian.br.oneill@oracle.com,"O'Neill, Brian"
Nakestores,https://nakestores.com/,7023061528,7622 Van Nuys Blvd,Van Nuys,CA,91405,United States,Manufacturing,1327401178,https://www.linkedin.com/company/nakestores-byrna-dealer/,https://nlcorp.app.netsuite.com/app/common/entity/custjob.nl?id=186979418,brian.br.oneill@oracle.com,"O'Neill, Brian"
Narra,http://drinknarra.com,(480) 241-4182,,,CA,,United States,Manufacturing,1320842700,https://www.linkedin.com/company/drinknarra/,https://nlcorp.app.netsuite.com/app/common/entity/custjob.nl?id=149209052,brian.br.oneill@oracle.com,"O'Neill, Brian"
Natuzzi Editions,http://www.natuzzieditions.com,(336) 888-0378,1831 Cooper Ct,La Habra,CA,90631,United States,Manufacturing,1208082523,https://www.linkedin.com/company/natuzzi/?trk=top_nav_home,https://nlcorp.app.netsuite.com/app/common/entity/custjob.nl?id=156221469,brian.br.oneill@oracle.com,"O'Neill, Brian"
Ne-Mo's Bakery,https://www.nemosbakery.com/,415 394 9700,3 Embarcadero Ctr Ste 2360,San Francisco,CA,94111-4026,United States,Manufacturing,352379308,http://www.linkedin.com/company/horizon-food-group,https://nlcorp.app.netsuite.com/app/common/entity/custjob.nl?id=3197075,brian.br.oneill@oracle.com,"O'Neill, Brian"
"New Hong Kong Noodle Co., Inc.",http://www.nhknoodle.com,lum.eric@nhknoodle.com,360 Swift Ave Ste 22,South San Francisco,CA,94080-6220,United States,Retail,358032296,http://www.linkedin.com/company/new-hong-kong-noodle-co-inc,https://nlcorp.app.netsuite.com/app/common/entity/custjob.nl?id=38710107,brian.br.oneill@oracle.com,"O'Neill, Brian"
Next Door & Window,http://www.nextdoorandwindow.com,(630) 323-6398,815 E Ogden Ave,Naperville,IL,605632834,United States,Retail,353759476,http://www.linkedin.com/company/next-door-&-window,https://nlcorp.app.netsuite.com/app/common/entity/custjob.nl?id=126454180,brian.br.oneill@oracle.com,"O'Neill, Brian"
"Nihon Kohden Orangemed, Inc.",http://www.orange-med.com,949 502 6448,15375 Barranca Pkwy C109,Irvine,CA,926182206,United States,Manufacturing,370472138,http://www.linkedin.com/company/nkom,https://nlcorp.app.netsuite.com/app/common/entity/custjob.nl?id=73089236,brian.br.oneill@oracle.com,"O'Neill, Brian"
"NOROTOS, INC.",http://www.norotos.com,17146623113,201 E Alton Ave,Santa Ana,CA,927074416,United States,Manufacturing,148521533,http://linkedin.com/company/norotos-inc-,https://nlcorp.app.netsuite.com/app/common/entity/custjob.nl?id=109505826,brian.br.oneill@oracle.com,"O'Neill, Brian"
North Country Tire Distributors,http://www.northcountrytire.ca,(250) 869-8669,109 13420 -149 St,Edmonton,AB,T5V 0B7,Canada,Retail,397999466,https://www.linkedin.com/company/northcountrytire/,https://nlcorp.app.netsuite.com/app/common/entity/custjob.nl?id=180755368,brian.br.oneill@oracle.com,"O'Neill, Brian"
North Star Equipment Services,http://www.northstarak.com,(907) 272-7537,,Anchorage,AK,99501,United States,Retail,101548545,http://www.linkedin.com/company/north-star-terminal-&-stevedore-company,https://nlcorp.app.netsuite.com/app/common/entity/custjob.nl?id=187786276,brian.br.oneill@oracle.com,"O'Neill, Brian"
North Star Ice Equipment,http://www.northstarice.com,206.762.9051,8151 Occidental Ave S,Seattle,WA,98108-4210,United States,Manufacturing,77038232,http://www.linkedin.com/company/north-star-ice-equipment-corporation,https://nlcorp.app.netsuite.com/app/common/entity/custjob.nl?id=100430862,brian.br.oneill@oracle.com,"O'Neill, Brian"
Nutraways Enterprises LTD,https://vitasave.ca/,604 726 4954,106 - 375 Lynn Avenue,North Vancouver,BC,V7J 2C4,Canada,Retail,1235142064,http://www.linkedin.com/company/vitasave,https://nlcorp.app.netsuite.com/app/common/entity/custjob.nl?id=14928121,brian.br.oneill@oracle.com,"O'Neill, Brian"
NuWay - K&H Cooperative,http://www.nuway-kandh.com,507 639 7108,"1740 Us Hwy 18 W Clear Lake, Iowa 50428",Clear Lake,IA,50428,United States,Agriculture,37504212,http://www.linkedin.com/company/k-&-h-cooperative-oil-company,https://nlcorp.app.netsuite.com/app/common/entity/custjob.nl?id=109457166,brian.br.oneill@oracle.com,"O'Neill, Brian"
O C Keckley Company Inc,http://www.keckley.com,847 674 8422,3400 Cleveland St,Skokie,IL,60076-2916,United States,Manufacturing,347249369,http://www.linkedin.com/company/o.c.-keckley-company,https://nlcorp.app.netsuite.com/app/common/entity/custjob.nl?id=2402385,brian.br.oneill@oracle.com,"O'Neill, Brian"
O-G Packing,http://www.ogpacking.com,209 931 4392,2097 Beyer Ln,Stockton,CA,95215-2009,United States,Agriculture,89130741,http://www.linkedin.com/company/o-g-packing-co,https://nlcorp.app.netsuite.com/app/common/entity/custjob.nl?id=31421908,brian.br.oneill@oracle.com,"O'Neill, Brian"
Oewaves,http://www.oewaves.com,626 449 9500,465 N Halstead St Ste 140,Pasadena,CA,91107,United States,Manufacturing,28606707,http://www.linkedin.com/company/oewaves,https://nlcorp.app.netsuite.com/app/common/entity/custjob.nl?id=2132785,brian.br.oneill@oracle.com,"O'Neill, Brian"
"Oiselle Running, Inc.",http://www.oiselle.com/,206-883-5266,7109 Woodlawn Avenue NE Suite 201,Seattle,WA,98115,United States,Retail,203407737,http://www.linkedin.com/company/oiselle,https://nlcorp.app.netsuite.com/app/common/entity/custjob.nl?id=9086332,brian.br.oneill@oracle.com,"O'Neill, Brian"
Ollin,https://ollin.co/,2085690374,,Shelley,ID,83274,United States,Retail,1311617045,http://www.linkedin.com/company/ollin-finance,https://nlcorp.app.netsuite.com/app/common/entity/custjob.nl?id=194071285,brian.br.oneill@oracle.com,"O'Neill, Brian"
Olympian Motors,http://www.olympianmotors.com,13235430890,8901 Olympic Boulevard,Beverly Hills,CA,90211,United States,Retail,1311579815,http://www.linkedin.com/company/olympian-motors,https://nlcorp.app.netsuite.com/app/common/entity/custjob.nl?id=121566582,brian.br.oneill@oracle.com,"O'Neill, Brian"
"ORTHOSELECT, LLC",http://www.myorthoselect.com,866 695 3319,831 E 340 S Ste 170,American Fork,UT,84003,United States,Retail,363665396,http://www.linkedin.com/company/orthoselect,https://nlcorp.app.netsuite.com/app/common/entity/custjob.nl?id=35728546,brian.br.oneill@oracle.com,"O'Neill, Brian"
Ozark Die Casting,http://ozarkdie.com/,636 629 4244,1005 Lofting Industrial Drive,St.Clair,MO,63077,United States,Manufacturing,370984476,http://www.linkedin.com/company/ozark-die-casting-co-,https://nlcorp.app.netsuite.com/app/common/entity/custjob.nl?id=38368615,brian.br.oneill@oracle.com,"O'Neill, Brian"
Pacific Paper,http://www.pacificpaper.com/,19094766466,8865 Utica Ave Ste A,Rancho Cucamonga,CA,91730,United States,Manufacturing,352606926,http://www.linkedin.com/company/pacific-paper-trading,https://nlcorp.app.netsuite.com/app/common/entity/custjob.nl?id=1849575,brian.br.oneill@oracle.com,"O'Neill, Brian"
"Pacific States Petroleum, Inc.",http://www.pacstatespetro.com,925 988 9970,220 HOOKSTON RD,Pleasant Hill,CA,94523-3921,United States,Retail,346573440,http://www.linkedin.com/company/pacific-states-petroleum,https://nlcorp.app.netsuite.com/app/common/entity/custjob.nl?id=5573045,brian.br.oneill@oracle.com,"O'Neill, Brian"
Pali Wine Company,http://www.paliwineco.com,(424) 322-3145,401 Wilshire Blvd.,Santa Monica,CA,90401,United States,Retail,353834392,http://www.linkedin.com/company/pali-wine-company-lp.,https://nlcorp.app.netsuite.com/app/common/entity/custjob.nl?id=18771865,brian.br.oneill@oracle.com,"O'Neill, Brian"
Parks Medical Electronics,http://www.parksmed.com,9717273689,19460 SW Shaw St,Beaverton,OR,97007-1242,United States,Retail,1127218904,http://www.linkedin.com/company/parks-medical-electronics,https://nlcorp.app.netsuite.com/app/common/entity/custjob.nl?id=4014307,brian.br.oneill@oracle.com,"O'Neill, Brian"
Patrick Lumber Co,http://www.patlbr.com,503 222 9671,828 SW 1st Ave Ste 300,Portland,OR,97204-3321,United States,Manufacturing,90768767,http://www.linkedin.com/company/patrick-lumber-co-,https://nlcorp.app.netsuite.com/app/common/entity/custjob.nl?id=2363888,brian.br.oneill@oracle.com,"O'Neill, Brian"
Phycoterra,http://phycoterra.com,(800) 998-6536,5180 S Lafayett Dr,Chandler,AZ,85249,United States,Business Services,468421757,http://www.linkedin.com/company/heliae,https://nlcorp.app.netsuite.com/app/common/entity/custjob.nl?id=193589852,brian.br.oneill@oracle.com,"O'Neill, Brian"
Port of Everett,https://www.portofeverett.com/,2062341991,1205 Craftsman Way #200,Everett,WA,98201,United States,Retail,96143627,http://www.linkedin.com/company/port-of-everett,https://nlcorp.app.netsuite.com/app/common/entity/custjob.nl?id=16226855,brian.br.oneill@oracle.com,"O'Neill, Brian"
Portland Bottling,http://www.portlandbottling.com,5034426601,1321 Ne Couch St,Portland,OR,97232,United States,Retail,354619784,https://www.linkedin.com/company/portland-bottling-company,https://nlcorp.app.netsuite.com/app/common/entity/custjob.nl?id=39032382,brian.br.oneill@oracle.com,"O'Neill, Brian"
Practivet,http://www.practivet.com,(602) 997-1497,1914 W 3rd St,Tempe,AZ,852812489,United States,Manufacturing,31048057,http://www.linkedin.com/company/practivet,https://nlcorp.app.netsuite.com/app/common/entity/custjob.nl?id=40202617,brian.br.oneill@oracle.com,"O'Neill, Brian"
"Presidio Medical, Inc",https://presidiomedical.com/,(412) 303-5000,395 Oyster Point Blvd,South San Francisco,CA,94080,United States,Manufacturing,506752068,https://www.linkedin.com/company/presidio-medical-inc/,https://nlcorp.app.netsuite.com/app/common/entity/custjob.nl?id=87413666,brian.br.oneill@oracle.com,"O'Neill, Brian"
"Primo Designs, Inc",http://www.primodesigns.net,800 879 7746,2417 E North Grand Ave Ste B,Grandview,IL,62702-4365,United States,Retail,111789268,http://www.linkedin.com/company/primo-designs,https://nlcorp.app.netsuite.com/app/common/entity/custjob.nl?id=4395858,brian.br.oneill@oracle.com,"O'Neill, Brian"
Proballer Energy,http://www.proballerenergy.com,5555555555,,,,,,,,,https://nlcorp.app.netsuite.com/app/common/entity/custjob.nl?id=140258449,brian.br.oneill@oracle.com,"O'Neill, Brian"
Process Solutions,http://www.processsolutions.com/,360 403 7037,7112 265th Street NW,Standwood,WA,98292,United States,Manufacturing,97567755,http://www.linkedin.com/company/process-equipment-warehouse,https://nlcorp.app.netsuite.com/app/common/entity/custjob.nl?id=32445423,brian.br.oneill@oracle.com,"O'Neill, Brian"
"Produce Services of Los Angeles, Inc.",http://www.pslainc.com,7146586996,725 Merchant Street,Los Angeles,CA,90021,United States,Retail,348108274,http://www.linkedin.com/company/produce-services-of-los-angeles-inc-,https://nlcorp.app.netsuite.com/app/common/entity/custjob.nl?id=78002355,brian.br.oneill@oracle.com,"O'Neill, Brian"
Pump Supply Inc,http://www.pumpsupplyinc.com,847 841 7867,860 Church Rd,Elgin,IL,60123,United States,Manufacturing,344352424,,https://nlcorp.app.netsuite.com/app/common/entity/custjob.nl?id=3522957,brian.br.oneill@oracle.com,"O'Neill, Brian"
Purist Collective,http://puristcollective.com,6263148298,73 W Colorado Blvd Ste 1C,Pasadena,CA,91105,United States,Manufacturing,464304527,http://www.linkedin.com/company/puristcollective,https://nlcorp.app.netsuite.com/app/common/entity/custjob.nl?id=202125232,brian.br.oneill@oracle.com,"O'Neill, Brian"
Purium Health Products,http://www.ishoppurium.com,8887476733,1495 Seabright Ave,Long Beach,CA,90813,United States,Manufacturing,76530698,http://www.linkedin.com/company/purium-health-products,https://nlcorp.app.netsuite.com/app/common/entity/custjob.nl?id=150414727,brian.br.oneill@oracle.com,"O'Neill, Brian"
Qal-Tek Associates,http://www.qaltek.com,208 523 5557,3998 Commerce Circle,Idaho Falls,ID,83401,United States,Manufacturing,31736315,http://www.linkedin.com/company/wb-johnson-instruments-llc,https://nlcorp.app.netsuite.com/app/common/entity/custjob.nl?id=3176304,brian.br.oneill@oracle.com,"O'Neill, Brian"
Radian,http://radianheatsinks.com,4089886200,2160 Walsh Ave,Santa Clara,CA,950502512,United States,Manufacturing,20021745,http://www.linkedin.com/company/2516273,https://nlcorp.app.netsuite.com/app/common/entity/custjob.nl?id=51810466,brian.br.oneill@oracle.com,"O'Neill, Brian"
Redwood Trading LLC.,http://www.theredwoodgroup.com,816 979 1786,5920 Nall Ave Ste 308,Shawnee Mission,KS,66202,United States,Agriculture,371625232,http://www.linkedin.com/company/the-redwood-group-llc,https://nlcorp.app.netsuite.com/app/common/entity/custjob.nl?id=34080133,brian.br.oneill@oracle.com,"O'Neill, Brian"
Reeds Dairy,http://www.reedsdairy.com,208 522 0123,2660 W BROADWAY ST,Idaho Falls,ID,83402-5504,United States,Retail,107021495,http://www.linkedin.com/company/reed-dairy-farm,https://nlcorp.app.netsuite.com/app/common/entity/custjob.nl?id=14936953,brian.br.oneill@oracle.com,"O'Neill, Brian"
"Revcor, Inc",http://www.revcor.com,847 428 4411,251 Edwards Ave.,Carpentersville,IL,60110,United States,Manufacturing,32735371,http://www.linkedin.com/company/revcor,https://nlcorp.app.netsuite.com/app/common/entity/custjob.nl?id=728467,brian.br.oneill@oracle.com,"O'Neill, Brian"
Richwood Meat Company,http://www.richwoodmeat.com,229 245 6001,2751 N Santa Fe Dr,Merced,CA,95348,United States,Retail,100009390,http://www.linkedin.com/company/richwood-meat-company-inc.,https://nlcorp.app.netsuite.com/app/common/entity/custjob.nl?id=3765382,brian.br.oneill@oracle.com,"O'Neill, Brian"
Rightway Steel,http://www.rightwaysteel.com,(385) 215-0756,7611 S Jrdan Lnding Blvd,West Jordan,UT,840845610,United States,Manufacturing,398046780,http://www.linkedin.com/company/rightway-steel,https://nlcorp.app.netsuite.com/app/common/entity/custjob.nl?id=141279337,brian.br.oneill@oracle.com,"O'Neill, Brian"
"Ring-Neck Energy & Feed, LLC",http://www.ringneckenergy.com,605-945-6900,901 Redwood Ave,Onida,SD,57564,United States,Agriculture,370344774,http://www.linkedin.com/company/ring-neck-energy-&-feed-llc,https://nlcorp.app.netsuite.com/app/common/entity/custjob.nl?id=80553566,brian.br.oneill@oracle.com,"O'Neill, Brian"
Roeder Implement Inc,https://www.roederimplement.com/,(563) 556-2071,,Seneca,KS,66538,United States,Manufacturing,43794468,http://www.linkedin.com/company/roeder-farms-llc,https://nlcorp.app.netsuite.com/app/common/entity/custjob.nl?id=57520692,brian.br.oneill@oracle.com,"O'Neill, Brian"
RootX,http://rootx.com,503 364 2999,P.O. Box 7626,Salem,OR,97303,United States,Telecommunications,33194435,http://www.linkedin.com/company/rootx,https://nlcorp.app.netsuite.com/app/common/entity/custjob.nl?id=54849787,brian.br.oneill@oracle.com,"O'Neill, Brian"
Ruby Jewel Ice Cream Sandwiches,http://www.rubyjewel.com,9728972315,,Portland,OR,97223,United States,Hospitality,348869346,http://www.linkedin.com/company/ruby-jewel-treats,https://nlcorp.app.netsuite.com/app/common/entity/custjob.nl?id=14346419,brian.br.oneill@oracle.com,"O'Neill, Brian"
Safetyweb Technology,http://www.cargosafetyweb.com,916 386 4271,8440 Belvedere Ave Ste 5,Sacramento,CA,95826-5904,United States,Manufacturing,18992141,,https://nlcorp.app.netsuite.com/app/common/entity/custjob.nl?id=4012196,brian.br.oneill@oracle.com,"O'Neill, Brian"
SaltWorks,http://www.seasalt.com,(800) 353-7258,16240 Woodinville Redmond Rd NE,woodinville,WA,98072,United States,Retail,84084421,http://www.linkedin.com/company/1625451,https://nlcorp.app.netsuite.com/app/common/entity/custjob.nl?id=20302202,brian.br.oneill@oracle.com,"O'Neill, Brian"
SCANTECH,http://www.3d-scantech.com,4694222980,611 Gateway Blvd. Suite # 120,San Francisco,CA,94080,United States,Manufacturing,453495365,http://www.linkedin.com/company/3dscantech,https://nlcorp.app.netsuite.com/app/common/entity/custjob.nl?id=154750503,brian.br.oneill@oracle.com,"O'Neill, Brian"
Schwimmer Drapery Inc,http://www.schwimmerdrapery.com,323 584 7300,2245 E 38th Street,Vernon,CA,90058,United States,Manufacturing,348134493,http://www.linkedin.com/company/schwimmer-drapery,https://nlcorp.app.netsuite.com/app/common/entity/custjob.nl?id=36582853,brian.br.oneill@oracle.com,"O'Neill, Brian"
"Seaga Manufacturing, Inc.",http://www.seaga.com,1 (815) 297-9500,700 Seaga Dr,Freeport,IL,610329644,United States,Manufacturing,165052756,http://www.linkedin.com/company/seaga,https://nlcorp.app.netsuite.com/app/common/entity/custjob.nl?id=51049592,brian.br.oneill@oracle.com,"O'Neill, Brian"
Seattle Coffee Gear,http://www.seattlecoffeegear.com,(866) 372-4734,"6911 216th St SW, Suite A,",Lynnwood,WA,98036,United States,Retail,165331206,http://www.linkedin.com/company/seattle-coffee-gear,https://nlcorp.app.netsuite.com/app/common/entity/custjob.nl?id=20324982,brian.br.oneill@oracle.com,"O'Neill, Brian"
Seattle yachts,http://seattleyachts.com,425 585 8340,"2415 T Ave, Suite 112",Anacortes,WA,98221,United States,Retail,346821436,http://www.linkedin.com/company/seattle-yachts,https://nlcorp.app.netsuite.com/app/common/entity/custjob.nl?id=100012609,brian.br.oneill@oracle.com,"O'Neill, Brian"
SelectRx.com,http://www.selectrx.com,+1 724-7758688,6800 W 115th St,Overland Park,KS,66211,United States,Retail,94781805,http://www.linkedin.com/company/selectrx,https://nlcorp.app.netsuite.com/app/common/entity/custjob.nl?id=128598721,brian.br.oneill@oracle.com,"O'Neill, Brian"
"Selkirk Sport, LLC",http://www.selkirk.com,800 759 4326,12037 N Tracey Rd,Hayden,ID,83835,United States,Manufacturing,45515038,https://www.linkedin.com/sales/company/10360135/people,https://nlcorp.app.netsuite.com/app/common/entity/custjob.nl?id=35118861,brian.br.oneill@oracle.com,"O'Neill, Brian"
sEpsilon Electronics Inc.,http://www.epsilonelectronicsinc.com,323-722-3333,,,CA,,United States,Manufacturing,368528659,http://www.linkedin.com/company/epsilon-electronics-inc,https://nlcorp.app.netsuite.com/app/common/entity/custjob.nl?id=35021075,brian.br.oneill@oracle.com,"O'Neill, Brian"
Sigma Connectivity,http://www.sigmaconnectivity.com,4088540351,2635 N 1st St,San Jose,CA,95134,United States,Manufacturing,373520404,http://www.linkedin.com/company/sigma-connectivity-ab,https://nlcorp.app.netsuite.com/app/common/entity/custjob.nl?id=166067136,brian.br.oneill@oracle.com,"O'Neill, Brian"
"Signal and Power Delivery Systems, Inc",https://www.signalandpower.com,(408) 871-7928,,,,,,,,,https://nlcorp.app.netsuite.com/app/common/entity/custjob.nl?id=193268170,brian.br.oneill@oracle.com,"O'Neill, Brian"
Simbe Robotics,http://www.simberobotics.com,(415) 625-8555,1155 Indiana St,San Francisco,CA,94107,United States,Manufacturing,395720212,http://www.linkedin.com/company/simbe-robotics-inc,https://nlcorp.app.netsuite.com/app/common/entity/custjob.nl?id=62872223,brian.br.oneill@oracle.com,"O'Neill, Brian"
Sims Vibration Technologies,http://www.limbsaver.com,360 427 6031,301 W. Business Park Loop,Shelton,WA,98584,United States,Retail,217546979,,https://nlcorp.app.netsuite.com/app/common/entity/custjob.nl?id=1112377,brian.br.oneill@oracle.com,"O'Neill, Brian"
SirenOpt,http://www.sirenopt.com,111-111-1111,3200 Kirkwood Highway,Wilmington,DE,19808,United States,Manufacturing,566155849,http://www.linkedin.com/company/sirenopt,https://nlcorp.app.netsuite.com/app/common/entity/custjob.nl?id=148655288,brian.br.oneill@oracle.com,"O'Neill, Brian"
SM Seafood,http://smseafood.com,(310) 886-7900,18531 S. Broadwick Street,Rancho dominguez,CA,90220,United States,Finance,1153623865,,https://nlcorp.app.netsuite.com/app/common/entity/custjob.nl?id=181499110,brian.br.oneill@oracle.com,"O'Neill, Brian"
Small Pet Select,http://www.smallpetselect.com,509 856 5895,260 Naneum Rd,Ellensburg,WA,98926,United States,Retail,359336295,https://www.linkedin.com/sales/company/2974947/people?_ntb=%2FsfAzz6ATcu44XXmoXAnEQ%3D%3D,https://nlcorp.app.netsuite.com/app/common/entity/custjob.nl?id=13746414,brian.br.oneill@oracle.com,"O'Neill, Brian"
SnapLock Industries,http://www.snaplock.com,807460143,2330 CALIFORNIA AVE,Salt Lake City,UT,84104-4146,United States,Manufacturing,110313740,http://www.linkedin.com/company/snap-lock-industries,https://nlcorp.app.netsuite.com/app/common/entity/custjob.nl?id=5288328,brian.br.oneill@oracle.com,"O'Neill, Brian"
Sonoma Tilemakers,http://sonomatilemakers.com,(707) 837-8177,,,,,,Manufacturing,,,https://nlcorp.app.netsuite.com/app/common/entity/custjob.nl?id=178415773,brian.br.oneill@oracle.com,"O'Neill, Brian"
Sonsray,http://sonsray.com,00000000000,23935 Madison St,Torrance,CA,90505,United States,Retail,1164410669,http://www.linkedin.com/company/sonsray,https://nlcorp.app.netsuite.com/app/common/entity/custjob.nl?id=127958063,brian.br.oneill@oracle.com,"O'Neill, Brian"
STANFORD ADVANCED MATERIALS,http://www.samaterials.com,949 407 8904,23661 Birtcher Dr,Lake Forest,CA,92630,United States,Manufacturing,358352522,http://www.linkedin.com/company/stanford-advanced-materials,https://nlcorp.app.netsuite.com/app/common/entity/custjob.nl?id=49319380,brian.br.oneill@oracle.com,"O'Neill, Brian"
Star Solutions,http://www.starsolutions.com,703 752 6164,"4600 Jacombs Rd., Suite 120",Richmond,BC,V6V 3B1,Canada,Manufacturing,353895215,http://www.linkedin.com/company/star-solutions-international-inc-,https://nlcorp.app.netsuite.com/app/common/entity/custjob.nl?id=137620463,brian.br.oneill@oracle.com,"O'Neill, Brian"
Starfish Product Engineering,http://www.starfishmedical.com,250 388 3537 x201,#5 - 555 Ardersier Road,Victoria,BC,V8Z 1C8,Canada,Manufacturing,120979997,http://www.linkedin.com/company/starfish-medical,https://nlcorp.app.netsuite.com/app/common/entity/custjob.nl?id=2673576,brian.br.oneill@oracle.com,"O'Neill, Brian"
Stark Street,http://www.starkstreet.com,503 255 5393,11827 SE Stark St,Portland,OR,97216,United States,Real Estate,113836426,http://www.linkedin.com/company/stark-street-lawn-&-garden,https://nlcorp.app.netsuite.com/app/common/entity/custjob.nl?id=171042228,brian.br.oneill@oracle.com,"O'Neill, Brian"
Strideline,http://www.strideline.com,2067346870,2371 Eastlake Avenue East,Seattle,WA,98102,United States,Retail,355424026,http://www.linkedin.com/company/strideline,https://nlcorp.app.netsuite.com/app/common/entity/custjob.nl?id=179121758,brian.br.oneill@oracle.com,"O'Neill, Brian"
Subgravity,http://www.sub-gravity.com,801 256 6608,12356 S. 900 E. Suite 103,Draper,UT,84020,United States,Manufacturing,406208896,http://www.linkedin.com/company/thornton-distribution-llc,https://nlcorp.app.netsuite.com/app/common/entity/custjob.nl?id=122556297,brian.br.oneill@oracle.com,"O'Neill, Brian"
Summit Brick Company,http://www.summitbrick.com,719 542 8278,601 E 13th St,Pueblo,CO,81001,United States,Manufacturing,112919037,http://www.linkedin.com/company/summit-brick-company,https://nlcorp.app.netsuite.com/app/common/entity/custjob.nl?id=48645870,brian.br.oneill@oracle.com,"O'Neill, Brian"
SVL LLC,http://www.svl.com,(651) 481-8000,,Las Vegas,NV,,United States,Retail,1151323064,http://www.linkedin.com/company/svl-inc-,https://nlcorp.app.netsuite.com/app/common/entity/custjob.nl?id=57782688,brian.br.oneill@oracle.com,"O'Neill, Brian"
Sweco,http://www.swecoproducts.com,(530) 673-8949,2455 Palm Street,Sutter,CA,95982,United States,Manufacturing,353904475,http://www.linkedin.com/company/sweco-products-inc,https://nlcorp.app.netsuite.com/app/common/entity/custjob.nl?id=9291738,brian.br.oneill@oracle.com,"O'Neill, Brian"
"TEC Foods, Inc.",http://www.tecfoodsinc.com,773 638 5310,4300 W Ohio St,Chicago,IL,60624,United States,Retail,117540074,http://www.linkedin.com/company/tec-foods,https://nlcorp.app.netsuite.com/app/common/entity/custjob.nl?id=430221,brian.br.oneill@oracle.com,"O'Neill, Brian"
The Artisan Shop,http://www.theartisanshop.com,970 613 0345,1072 Madison Ave,Loveland,CO,80537,United States,Retail,358070940,http://www.linkedin.com/company/the-artisan-shop,https://nlcorp.app.netsuite.com/app/common/entity/custjob.nl?id=111634408,brian.br.oneill@oracle.com,"O'Neill, Brian"
The Swan Corporation,http://www.swanstone.com,314-231-8148,,,MO,,United States,Minerals & Mining,37208648,http://www.linkedin.com/company/swan-corporation,https://nlcorp.app.netsuite.com/app/common/entity/custjob.nl?id=36743761,brian.br.oneill@oracle.com,"O'Neill, Brian"
The VPS Companies,https://www.vpscompanies.com/,831 724 7551,310 WALKER ST,WATSONVILLE,CA,95076,United States,Retail,256508054,http://www.linkedin.com/company/national-custom-packing,https://nlcorp.app.netsuite.com/app/common/entity/custjob.nl?id=340100,brian.br.oneill@oracle.com,"O'Neill, Brian"
Thermo King Fresno,http://thermokingca.com,kniles@tkcencal.com,2410 S Railroad Ave,Fresno,CA,93706,United States,Retail,1151257696,http://www.linkedin.com/company/tkcencal,https://nlcorp.app.netsuite.com/app/common/entity/custjob.nl?id=184063086,brian.br.oneill@oracle.com,"O'Neill, Brian"
Threadless,http://www.threadless.com,773-878-3557,955 W Fulton Market #3,Chicago,IL,60607,United States,Retail,208880032,http://www.linkedin.com/company/2046720,https://nlcorp.app.netsuite.com/app/common/entity/custjob.nl?id=1998092,brian.br.oneill@oracle.com,"O'Neill, Brian"
Timeless Skincare,https://www.timelessha.com/,(800) 213-3705,,,CA,,United States,Consumer Services,359341225,https://www.linkedin.com/company/timeless-skin-care/,https://nlcorp.app.netsuite.com/app/common/entity/custjob.nl?id=37123690,brian.br.oneill@oracle.com,"O'Neill, Brian"
Torre & Tagus,http://www.torretagus.com,604-273-4777,11188 Featherstone Way Unit 150,Richmond,BC,V6W 1K9,Canada,Retail,355432298,http://www.linkedin.com/company/torre-&-tagus,https://nlcorp.app.netsuite.com/app/common/entity/custjob.nl?id=48737830,brian.br.oneill@oracle.com,"O'Neill, Brian"
Totem Mats,http://www.totemmats.com,503 471 5733,0228 SW Seymour CT,Portland,OR,972397601,United States,Manufacturing,373288473,http://www.linkedin.com/company/totem-forest-products-international-llc,https://nlcorp.app.netsuite.com/app/common/entity/custjob.nl?id=99215601,brian.br.oneill@oracle.com,"O'Neill, Brian"
Toughbuilt,http://toughbuilt.com,949 528 3100,200 W Palm Ave,Burbank,CA,91502,United States,Retail,358087745,http://www.linkedin.com/company/toughbuilt-industries,https://nlcorp.app.netsuite.com/app/common/entity/custjob.nl?id=39170726,brian.br.oneill@oracle.com,"O'Neill, Brian"
True Angle Medical Technologies,http://trueanglemedical.com,780 904 4992,"#4560, 10230 Jasper Ave",Edmonton,AB,T5J 4P6,Canada,Manufacturing,458897220,https://www.linkedin.com/sales/company/64278611/people?_ntb=Y5lOcOKMT0%2BQPppOWZfXug%3D%3D,https://nlcorp.app.netsuite.com/app/common/entity/custjob.nl?id=77171803,brian.br.oneill@oracle.com,"O'Neill, Brian"
TTS Granite,http://www.ttsgranite.com,7087555200,3225 Louis Sherman Dr,Steger,IL,60475-1185,United States,Manufacturing,58228897,http://www.linkedin.com/company/ttsgranite,https://nlcorp.app.netsuite.com/app/common/entity/custjob.nl?id=4008707,brian.br.oneill@oracle.com,"O'Neill, Brian"
Typenex Medical,http://www.typenex.com,312 565 1569,303 East Wacker Drive,Chicago,IL,60601,United States,Manufacturing,81084697,http://www.linkedin.com/company/1013290,https://nlcorp.app.netsuite.com/app/common/entity/custjob.nl?id=1451291,brian.br.oneill@oracle.com,"O'Neill, Brian"
Unit Solutions Inc.,http://www.unitsolutions.com,61066228,12023 Aneta St,Culver City,CA,90230,United States,Retail,370269509,http://www.linkedin.com/company/unit-solutions,https://nlcorp.app.netsuite.com/app/common/entity/custjob.nl?id=191663722,brian.br.oneill@oracle.com,"O'Neill, Brian"
US Orthodontic Products,http://www.usortho.com,866 928 4404,11917 Front St,Norwalk,CA,90650,United States,Manufacturing,356014039,http://www.linkedin.com/company/us-orthodontic-products,https://nlcorp.app.netsuite.com/app/common/entity/custjob.nl?id=37408182,brian.br.oneill@oracle.com,"O'Neill, Brian"
US Pharmatech Inc.,http://www.uspharmatech.com,(424) 308-5613,2927 Lomita Blvd,"Torrance,",CA,90505,United States,Retail,450045975,http://www.linkedin.com/company/us-pharmatech-inc,https://nlcorp.app.netsuite.com/app/common/entity/custjob.nl?id=97532451,brian.br.oneill@oracle.com,"O'Neill, Brian"
Valley Tool Manufacturing Inc,http://www.valleytoolmfg.com,(800) 426-5615,2507 Tully Rd,Hughson,CA,95326,United States,Manufacturing,345686278,http://www.linkedin.com/company/valley-tool-mfg,https://nlcorp.app.netsuite.com/app/common/entity/custjob.nl?id=180397138,brian.br.oneill@oracle.com,"O'Neill, Brian"
Valley Wine Warehouse,http://www.valleywinewarehouse.com,707-000-0000,,American Canyon,CA,94503,United States,Retail,40583879,http://www.linkedin.com/company/valley-wine-warehouse,https://nlcorp.app.netsuite.com/app/common/entity/custjob.nl?id=26813207,brian.br.oneill@oracle.com,"O'Neill, Brian"
Van Diest Supply Company,http://www.vdsc.com,515 832-2366,1434 220th St,Webster City,IA,50595,United States,Manufacturing,119472237,http://www.linkedin.com/company/van-diest-supply-company,https://nlcorp.app.netsuite.com/app/common/entity/custjob.nl?id=1852699,brian.br.oneill@oracle.com,"O'Neill, Brian"
Varda Space Industries,http://www.varda.com,(914) 874-6112,433 Alaska Ave,Torrance,CA,90503,United States,Manufacturing,552889368,http://www.linkedin.com/company/varda-space-industries,https://nlcorp.app.netsuite.com/app/common/entity/custjob.nl?id=95701363,brian.br.oneill@oracle.com,"O'Neill, Brian"
Velvet by Graham & Spencer,http://velvet-tees.com/,310-391-9292,3961 Landmark Street,Culver city,CA,90232,United States,Retail,347456589,http://www.linkedin.com/company/velvet-capital-ltd,https://nlcorp.app.netsuite.com/app/common/entity/custjob.nl?id=6396861,brian.br.oneill@oracle.com,"O'Neill, Brian"
Venturi,http://www.venturiaerospace.com,(256) 705-1835,,Salt Lake City,UT,,United States,Manufacturing,53706801,http://www.linkedin.com/company/argentcrete-inc.,https://nlcorp.app.netsuite.com/app/common/entity/custjob.nl?id=159634579,brian.br.oneill@oracle.com,"O'Neill, Brian"
Ver Sales,http://www.versales.com,818 567 3000,2509 N Naomi St,Burbank,CA,91504,United States,Retail,53706966,http://www.linkedin.com/company/ver-sales-inc-,https://nlcorp.app.netsuite.com/app/common/entity/custjob.nl?id=156884553,brian.br.oneill@oracle.com,"O'Neill, Brian"
Vetio Animal Health,http://www.vetio.com,(514) 714-5603,2705 Dougherty Ferry Rd Ste 202,St. Louis,MO,63122,United States,Manufacturing,563648417,http://www.linkedin.com/company/vetioanimalhealth,https://nlcorp.app.netsuite.com/app/common/entity/custjob.nl?id=163147909,brian.br.oneill@oracle.com,"O'Neill, Brian"
"WaterTectonics, Inc.",http://www.watertectonics.com,425 742 0262,6300 Merrill Creek Pkwy,Everett,WA,98203,United States,Manufacturing,41517680,http://www.linkedin.com/company/water-technics-international,https://nlcorp.app.netsuite.com/app/common/entity/custjob.nl?id=22492043,brian.br.oneill@oracle.com,"O'Neill, Brian"
West Coast Appliance and Furniture/Kellys,http://kellyshomecenter.com,541 826 7644,6439 Crater Lake Highway,Central Point,OR,97504,United States,Retail,347261702,http://www.linkedin.com/company/modern-health,https://nlcorp.app.netsuite.com/app/common/entity/custjob.nl?id=168817664,brian.br.oneill@oracle.com,"O'Neill, Brian"
West Coast Materials,http://www.westcoastmaterials.com,2098473053,4518 Oakdale Rd,Modesto,CA,95357,United States,Manufacturing,395870074,http://www.linkedin.com/company/west-coast-asphalt-inc.,https://nlcorp.app.netsuite.com/app/common/entity/custjob.nl?id=174682149,brian.br.oneill@oracle.com,"O'Neill, Brian"
"Westendorf Mfg. Co., Inc.",http://www.loaders.com,712 423 2762 ext 5118,1900 Iowa Avenue N,Onawa,IA,51040,United States,Manufacturing,127795270,http://www.linkedin.com/company/westendorf-manufacturing,https://nlcorp.app.netsuite.com/app/common/entity/custjob.nl?id=142630230,brian.br.oneill@oracle.com,"O'Neill, Brian"
Western Ready Mix,http://www.western-readymix.com,636 332 4447,323 Josephville Rd,Wentzville,MO,63385,United States,Manufacturing,453399622,http://www.linkedin.com/company/western-ready-mix-inc,https://nlcorp.app.netsuite.com/app/common/entity/custjob.nl?id=156766424,brian.br.oneill@oracle.com,"O'Neill, Brian"
Westwood Building Materials,http://www.westwoodbm.com,3106439158,15708 Inglewood Ave,Lawndale,CA,90260,United States,Manufacturing,42008838,http://www.linkedin.com/company/westwood-supply,https://nlcorp.app.netsuite.com/app/common/entity/custjob.nl?id=4031961,brian.br.oneill@oracle.com,"O'Neill, Brian"
"Wholesale Equipment of Fresno, Inc.",http://www.wholesaleequipment.net,888 698 5156,3131 E Fremont St,Stockton,CA,952053917,United States,Manufacturing,353735789,http://www.linkedin.com/company/wholesale-equipment-of-fresno,https://nlcorp.app.netsuite.com/app/common/entity/custjob.nl?id=115920034,brian.br.oneill@oracle.com,"O'Neill, Brian"
"Wills Milling & Hardwoods, Inc.",http://www.willsmilling.com,1-2178549056,9674 Colt Road,Carlinville,IL,62626,United States,Manufacturing,348467702,http://www.linkedin.com/company/wills-milling-and-hardwood-inc.,https://nlcorp.app.netsuite.com/app/common/entity/custjob.nl?id=130697697,brian.br.oneill@oracle.com,"O'Neill, Brian"
Winton Homes,https://www.wintonhomes.ca/,250 561 2079,590 Tomlin Rd,Prince George,BC,V2K 4L4,Canada,Manufacturing,132038710,http://www.linkedin.com/company/winton-homes-and-cottages,https://nlcorp.app.netsuite.com/app/common/entity/custjob.nl?id=63371960,brian.br.oneill@oracle.com,"O'Neill, Brian"
"Wisoman Foods, Inc.",https://www.wisomanfoods.com,510-675-9210,30782 Huntwood Ave,Hayward,CA,94544,United States,Manufacturing,357633922,http://www.linkedin.com/company/wisoman-foods-inc,https://nlcorp.app.netsuite.com/app/common/entity/custjob.nl?id=20818692,brian.br.oneill@oracle.com,"O'Neill, Brian"
Wolfgang’s steakhouse,https://www.wolfgangssteakhousehawaii.com,+18082834341,"2301 Kalākaua Ave, Honolulu, HI 96815",Honolulu,HI,96815,United States,Hospitality,348700585,http://www.linkedin.com/company/wolfgangs-steakhouse,https://nlcorp.app.netsuite.com/app/common/entity/custjob.nl?id=195873884,brian.br.oneill@oracle.com,"O'Neill, Brian"
Wonder Ice Cream,http://www.wonderic.com,408 844 7979,1061 MARTIN AVE,SANTA CLARA,CA,95050,United States,Retail,343963349,http://www.linkedin.com/company/wonder-ice-cream,https://nlcorp.app.netsuite.com/app/common/entity/custjob.nl?id=339741,brian.br.oneill@oracle.com,"O'Neill, Brian"
Woodbridge Interiors,http://www.woodbridgeinteriors.com,602 278 3500,601 N 44th Ave,Phoenix,AZ,85043,United States,Retail,357797437,http://www.linkedin.com/company/2398941,https://nlcorp.app.netsuite.com/app/common/entity/custjob.nl?id=403133,brian.br.oneill@oracle.com,"O'Neill, Brian"
World Wide Produce,http://www.wwproduce.com,800 300 2737,2652 Long Beach Ave,Los Angeles,CA,90058,United States,Retail,270499852,http://www.linkedin.com/company/worldwideproduce,https://nlcorp.app.netsuite.com/app/common/entity/custjob.nl?id=22262895,brian.br.oneill@oracle.com,"O'Neill, Brian"
Xeco Energy Corporation,https://www.xecoenergy.com/,5123501848,1305 Blue Ridge Dr #503,Georgetown,TX,78626,United States,Manufacturing,363413907,http://www.linkedin.com/company/xeco-energy-corporation,https://nlcorp.app.netsuite.com/app/common/entity/custjob.nl?id=191576044,brian.br.oneill@oracle.com,"O'Neill, Brian"
Yamasa Corporation USA,https://www.yamasausa.com/,503-507-1259,3500 Fairview Industrial Dr SE,Salem,OR,97302-1154,United States,Manufacturing,1136031860,http://linkedin.com/company/yamasa-corporation,https://nlcorp.app.netsuite.com/app/common/entity/custjob.nl?id=99387974,brian.br.oneill@oracle.com,"O'Neill, Brian"
Yardney Water Filtration Systems,http://www.yardneyfilters.com,9516566716,6666 Box Springs Blvd,Riverside,CA,92507-0726,United States,Manufacturing,43090175,http://www.linkedin.com/company/yardney-water-filtration-systems,https://nlcorp.app.netsuite.com/app/common/entity/custjob.nl?id=3181388,brian.br.oneill@oracle.com,"O'Neill, Brian"
Z-Tec Automation Systems,https://www.ztec.ca/,(604) 881-2203,,,BC,,Canada,Manufacturing,132284472,http://www.linkedin.com/company/z-tec-automation-systems-inc-,https://nlcorp.app.netsuite.com/app/common/entity/custjob.nl?id=202306900,brian.br.oneill@oracle.com,"O'Neill, Brian"
Zamzow's Inc,http://www.zamzows.com,208 465 3630,1201 Franklin Blvd,Nampa,ID,83687,United States,Retail,131923997,http://www.linkedin.com/company/zamzows-inc,https://nlcorp.app.netsuite.com/app/common/entity/custjob.nl?id=3560376,brian.br.oneill@oracle.com,"O'Neill, Brian"
